,tname,S,T,C,V,L,I,M,P,G,A,F,Y,W,D,E,N,Q,H,K,R,B,J,Z
0,Bacteria,7.754564604294081,8.697338938112491,0.6218146252552432,8.08340093017772,7.617694686380183,5.554269893338055,1.2923228771819275,4.315778866010076,9.134964194749811,10.037220253123213,2.785833082230889,3.183049599188718,0.844849359444801,7.221941965561557,4.7442130761407,5.910629569757454,3.001658371489951,1.081904671620737,4.994143819663502,3.122376742888291,1.9915593730650756e-05,9.957796865325378e-06,0.0
1,Proteobacteria,8.182146965323406,11.593871126997259,0.7972887073126323,8.877999992191794,6.828807591278803,4.6846035330707645,0.8543595870027461,4.1047023494533725,11.209317034060454,9.794718743134547,2.176714584200665,2.482050888910894,0.6969887657676939,8.532806350484055,3.837484281551093,6.599388333619043,2.882931228525218,0.8546790135681758,2.8077595101274193,2.2013459215793585,3.54918406033045e-05,0.0,0.0
2,Betaproteobacteria,7.060883758097149,8.511144737065814,0.42334699151605826,8.018090007990887,7.5182345240321675,4.493598789465631,1.220735501640682,3.7489161296903957,10.544570447319652,11.051226686162163,2.363262322117755,2.363262322117755,1.283642484315759,6.6341363891391945,3.8237244334121088,6.60353299216213,3.390176309570362,1.4927656969923662,4.435792372953398,5.01895710423857,0.0,0.0,0.0
3,Burkholderiales,6.526844721175379,7.504505980665247,0.5980665246600033,7.703861488885248,8.392047626850182,4.377628488721394,1.2507509967775412,5.011196679228795,10.268174122016495,12.073297285488012,2.512425583046589,2.531541864656726,1.2507509967775412,6.638811513463324,3.45458517668906,5.39898410617729,3.8314490141460484,1.8597411109290514,2.4878475066906987,6.327489212955377,0.0,0.0,0.0
4,Firmicutes,7.667801898354004,7.115764290880018,0.3230351881136571,7.460441569056224,8.115713354507529,7.097549256293752,1.7151708469310367,3.5025445886911393,7.235711232549892,8.420064048380635,3.130239609860249,3.8011209288165366,0.7300332353962251,6.349535716138403,5.709779572261225,6.548962177278763,3.0634120280727486,1.1737665006266114,7.848356081392098,2.9909978763992537,0.0,0.0,0.0
5,Bacilli,6.71709945594416,6.862498082017734,0.2610720657419208,7.436165869937305,9.038664823893841,6.296587152264861,2.1441201599611364,4.0751815076501305,7.301808027385673,9.203483905085498,3.739485069180417,3.6502528905620553,0.9346730993857361,6.152151056036789,5.663412372132156,4.964049510270477,3.961999321699556,1.8347517437360539,6.039535064112981,3.723008823001519,0.0,0.0,0.0
6,Bacillales,7.758147320833578,6.958075883503841,0.09689354238526045,7.858106271024699,7.938206709777851,6.088166459640575,1.605740575870176,4.101515644242098,7.907152795918476,9.19489063158063,3.2370706429892793,4.050469940344499,0.7462268828267858,6.394174125825661,6.8022731998059465,5.603698747714272,3.0212925891767113,1.3960933376693305,6.242769635936176,2.999035062934155,0.0,0.0,0.0
7,Bacillaceae,7.524229437095962,6.7823581605840415,0.09558166065427189,7.948865524482951,8.03999355937197,6.13829535760902,1.6007358760110586,4.043207021654899,7.877264925641579,9.015851481858327,3.313326276049428,4.1459830008530405,0.7418712765119203,6.463581331771138,7.014631873571842,5.644970657457939,2.9573788014265308,1.3465366207943212,6.322264360373693,2.983072796226066,0.0,0.0,0.0
8,Bacillus,7.687791613880048,6.702407069801934,0.10011432809072089,7.937150449587492,8.091338874640794,6.17680684732565,1.6889657942712357,4.0119889997837035,7.952600191576801,8.958069400241016,3.4023421808855794,4.15041868800791,0.7261378734975126,6.2747582115378675,6.758026140963446,5.702190773414084,2.8467694589500354,1.3669931712140406,6.572938231931527,2.8921917003986035,0.0,0.0,0.0
9,Eukaryota,8.410860305877165,6.992177106962217,4.34788630160448,5.664407321638208,7.298971407362109,4.186602705151088,1.5175523056044857,6.883167184504834,8.059640307265179,6.3145428684905465,3.1148154240730657,3.4258106997455253,1.0724489731539215,5.418027046586661,6.065054179501057,4.9122019250315185,4.117078872618274,2.8558014468281945,4.745409357341574,4.5972826614671005,0.0001077173146812083,0.0001077173146812083,4.6164563434803554e-05
10,Clostridia,8.496475918970141,7.37745731209664,0.3763439631108845,7.489752388442203,7.530537082294093,7.780869143772904,1.4063860966258896,3.0232340158978004,7.347097405462497,7.979397328419662,2.626543428611926,3.9176167473292196,0.5844739254581991,6.522579037490369,5.572231658889989,7.697379400529012,2.3568249207281804,0.6648087988861938,8.827005685624082,2.422985741360115,0.0,0.0,0.0
11,Clostridiales,8.502596989415974,7.375570172355751,0.3771553717357286,7.485396558804053,7.533858896908399,7.786205250949825,1.4051765915808712,3.0221446989231002,7.340102029869078,7.962436138846448,2.628526929892384,3.9186517111644648,0.5833515221243522,6.514207603777843,5.572521484353324,7.715453936732603,2.3564811903238096,0.6664496343128151,8.83249233296216,2.4212209549670196,0.0,0.0,0.0
12,Peptostreptococcaceae,8.387765302236105,6.998477696712809,0.34918046099140715,7.2065220001990085,7.258447296396224,8.219637140540275,1.5275644405506827,2.737057848668642,6.806674344900627,7.191424777516118,2.26309655474516,3.7374775972083865,0.5354939136461737,6.728786400604804,6.192949368261292,8.294093897862714,2.0923378163697355,0.6022876867280544,10.337823232109505,2.5329022237522776,0.0,0.0,0.0
13,Bacteroidetes,7.540424686781086,7.876731599940418,1.761970175932209,6.2418695486668545,6.8595355919299585,6.330414921964218,1.0627099849390114,4.3870508598004,8.351897519074495,6.072723059863293,3.9911620132073287,4.079210870392744,1.0357326095231791,9.627943926780423,5.063802320385297,8.507472567484815,3.3349332185829432,0.9437116234421807,4.4431571804505055,2.487545720858642,0.0,0.0,0.0
14,Flavobacteriia,7.6700069447517105,7.996083236985323,1.7027146091797691,6.177173890042073,6.768343474722835,6.632911197594538,1.0638359268742654,4.152807622682598,8.127475630847009,5.745098755908329,4.049117285506245,4.197053963221673,1.040173753455543,9.460444733435036,5.150081663354603,8.978351996952775,3.3232849252717784,0.940908050333098,4.536788908404304,2.287343430476495,0.0,0.0,0.0
15,Flavobacteriales,7.6700069447517105,7.996083236985323,1.7027146091797691,6.177173890042073,6.768343474722835,6.632911197594538,1.0638359268742654,4.152807622682598,8.127475630847009,5.745098755908329,4.049117285506245,4.197053963221673,1.040173753455543,9.460444733435036,5.150081663354603,8.978351996952775,3.3232849252717784,0.940908050333098,4.536788908404304,2.287343430476495,0.0,0.0,0.0
16,Flavobacteriaceae,7.763363333905551,8.143683939475684,1.634704204167382,6.266400176570126,6.732757845517489,6.610548430079048,1.0426629390751323,4.084001602210396,8.18700901652075,5.80617341475178,4.010226353091204,4.2045761090811,1.0304011248170946,9.466324970776009,5.122372906295215,9.057802192412389,3.348088383157172,0.9390506085947143,4.268541906793862,2.281310542707899,0.0,0.0,0.0
17,Actinobacteria,7.441062428391627,8.303640777015161,0.6404214425481054,8.748041420084947,7.869790090595039,3.5640618982888665,1.1038380568629638,6.043258295500379,10.305093458288814,14.377159647761694,2.5652024224089764,2.6699639260947317,1.1894099274657919,6.5674565530643285,3.98098055551817,3.2157396670121092,2.9620631373660795,1.2207558891985375,2.5706727703013943,4.661300805313358,4.341545946363673e-05,4.341545946363673e-05,0.0
18,Propionibacteriales,6.1167128154223915,10.842693694164359,1.2611671281542238,7.48759207982864,6.390470717308395,3.8294759939397105,1.2057886212841544,6.303745885794891,9.202236037824566,10.459223656026332,1.9654145551434095,2.655033697298992,1.4513348309910663,8.999529805130349,3.036413980460791,3.4303327934799643,3.9203803354056737,2.6498093098584192,2.5975654354526934,6.192988872054752,0.0010448774881145185,0.0010448774881145185,0.0
19,Propionibacteriaceae,5.790245303266176,11.448997173646902,0.9098740988165591,6.607922857186041,6.624548463642822,4.5448362377764004,1.3285370977736801,5.942898598914802,8.341520184997657,9.942112661155026,2.0237897314208846,2.833910191496758,1.573386938319,8.708794945815637,3.1104998261868415,3.5941538322022883,4.534256306394813,3.1754908332451675,2.8203074225775735,6.1408944576273745,0.001511418768798271,0.001511418768798271,0.0
20,Cutibacterium,5.622512162759841,12.31203007518797,0.9453781512605042,6.4112487100103195,6.344906383606074,4.736104968303111,1.3729175880878668,5.847338935574229,7.87999410290432,9.241854636591478,1.8649565089193572,2.8287630841810407,1.6419725785050863,9.164455255786525,2.7753206545776203,3.613813946631284,4.804290137107475,3.5050862450243256,2.7753206545776203,6.308049535603715,0.001842842400117942,0.001842842400117942,0.0
21,Gammaproteobacteria,8.364645518165053,12.390101278083804,0.5393611033050122,9.13352016721091,6.897663608479103,4.871162353286861,0.7622121791657733,4.008714168938028,11.20542017549629,9.42094595114018,2.156248585292854,2.478438795391279,0.6745323672182565,8.383180851036569,3.7922266059755523,6.71474464375859,2.724352266990793,0.8293920837899545,2.905434781680258,1.7476598074546206,4.2708140256949255e-05,0.0,0.0
22,Metazoa,8.529257933663947,7.256718430477019,4.566304556369591,5.636563121047836,7.4072907528868095,4.090488098379197,1.5220475244117582,6.928864566621323,8.372602244654287,6.376592069233752,3.1354355384517363,3.2976346502802127,1.0996675026196272,5.278886362351952,5.697936730827586,4.522713095112537,4.302811991215474,2.9894347400548655,4.366057406102876,4.622386717095016,0.00012598688224582056,0.00012598688224582056,5.3994378105351673e-05
23,Ecdysozoa,8.936523090431425,7.68403472217383,2.2139218542031065,5.231787002645742,4.954437019021935,3.5618799404417625,1.0492377521178715,12.154851417992441,5.348627071123778,6.980903733539604,2.720073959995633,6.3774236184184545,0.41695412110949287,4.332606276843599,5.911689349435428,4.489167322875799,4.618550857949886,2.4956852797773768,6.256866967245292,4.264778642657542,0.0,0.0,0.0
24,Arthropoda,8.933931632597721,7.6908022099030635,2.199999528403102,5.216804883857474,4.935497334298535,3.5464086717237575,1.0313824155664704,12.222376801205401,5.284714837145801,6.989066025923681,2.7003638370066803,6.375990058737393,0.40415854144511437,4.328787925233028,5.940941920484047,4.509409537104065,4.652303397148254,2.4883810314295753,6.301006151981532,4.247673258805303,0.0,0.0,0.0
25,Hexapoda,8.853203002269156,7.758189329144121,1.4495451988906345,5.26095304590679,4.67834215783247,3.603110878377068,1.0434242935552065,12.203021663660518,5.3078877446131765,7.232210391575028,2.572874847268284,6.160858012839161,0.4193091677818506,4.518919338259537,6.341614786369543,4.834661856829775,4.9087488605729135,2.442155893019918,5.991350051395434,4.4196194798394135,0.0,0.0,0.0
26,Insecta,8.857916932082988,7.577467968617712,1.39414122029689,5.288302598795346,4.7016989332279735,3.620413001233682,1.0554834339899533,12.155395544231126,5.341117086897976,7.273079124972787,2.5814592925277577,6.050282617985954,0.4144526241946799,4.530354219917916,6.420790362766995,4.850063296752917,4.891589191978649,2.4750239882598635,6.072456639708432,4.448511921560406,0.0,0.0,0.0
27,Pterygota,8.857916932082988,7.577467968617712,1.39414122029689,5.288302598795346,4.7016989332279735,3.620413001233682,1.0554834339899533,12.155395544231126,5.341117086897976,7.273079124972787,2.5814592925277577,6.050282617985954,0.4144526241946799,4.530354219917916,6.420790362766995,4.850063296752917,4.891589191978649,2.4750239882598635,6.072456639708432,4.448511921560406,0.0,0.0,0.0
28,Neoptera,8.857916932082988,7.577467968617712,1.39414122029689,5.288302598795346,4.7016989332279735,3.620413001233682,1.0554834339899533,12.155395544231126,5.341117086897976,7.273079124972787,2.5814592925277577,6.050282617985954,0.4144526241946799,4.530354219917916,6.420790362766995,4.850063296752917,4.891589191978649,2.4750239882598635,6.072456639708432,4.448511921560406,0.0,0.0,0.0
29,Alphaproteobacteria,8.610947649871738,8.550387641187662,0.7341472750852697,8.569812549633498,6.213685419320928,4.114081344660721,1.6911096764610103,3.1062713888238216,11.37156993252701,14.44698999617215,1.9859112281684026,3.2028246102163593,0.43877440254123506,5.011626379025669,3.3679363320059648,6.898699102454966,4.547713859672176,0.7524295418578211,1.4637239834774014,4.921357686836196,0.0,0.0,0.0
30,Holometabola,8.497032105729184,8.100219722559276,1.3177887821248593,5.284819466762864,4.794543009871118,3.710687698816122,0.9718077372948983,12.184763716262749,5.4236491435192775,6.401469189650084,2.543206637588955,5.1908088195104884,0.3853343390286295,4.809300495195619,6.951322161370369,5.0016943779446645,4.806567627542933,2.537740902283584,6.459405983887012,4.627838083057314,0.0,0.0,0.0
31,Pseudomonadales,8.701596795219686,15.588405610603527,0.07476235502117684,10.66933638443936,6.525935333710059,4.876198016035091,0.42465577145798483,3.8754734716028936,12.235779067100088,10.28405498704772,1.4187363273709948,2.130272529415385,0.30926018138788025,6.172754891374285,3.107008778457252,6.6821040322716,2.2371358394924274,0.5950216244342119,2.941608432690102,1.1498995708682784,0.0,0.0,0.0
32,Crustacea,9.310113212689945,8.031968226464318,1.1233658142455245,5.358863784594118,6.305060986887576,3.4927526356264664,0.9831884509427901,13.681894730693974,4.190719090404665,7.207452763148929,2.7480603930806895,7.3427628568925405,0.4507091611747642,3.606646743309938,5.124261391844403,3.027441665774334,4.486649079599326,2.9213351893854584,6.140547275789228,4.466206547451011,0.0,0.0,0.0
33,Multicrustacea,9.305560425944758,8.34589893747589,1.2974716835571765,5.517176888639525,7.115054178209489,3.8316325934238056,0.9538170214258161,13.25057568000374,4.088789143318021,6.566843169571367,2.9000245467615806,6.155392689740623,0.49327301843344906,3.3558929761195078,5.148975464927354,3.0449673294292294,4.5446575726759475,3.331346214538696,5.752124463770149,5.000526002033874,0.0,0.0,0.0
34,Actinomycetales,6.7600585240691045,7.684527398922254,0.6251216248357314,8.595302218196757,7.583383584911553,3.809349916754557,1.260333606413623,5.567234209192315,9.82752697368579,13.316868433760412,2.417601426103753,2.751063691773236,1.0662143624215896,5.911027078193057,3.9998654619101046,4.611773524345388,3.4523434853533668,1.138768832329503,5.856971595645771,3.7646640511821334,0.0,0.0,0.0
35,Actinomycetaceae,6.7600585240691045,7.684527398922254,0.6251216248357314,8.595302218196757,7.583383584911553,3.809349916754557,1.260333606413623,5.567234209192315,9.82752697368579,13.316868433760412,2.417601426103753,2.751063691773236,1.0662143624215896,5.911027078193057,3.9998654619101046,4.611773524345388,3.4523434853533668,1.138768832329503,5.856971595645771,3.7646640511821334,0.0,0.0,0.0
36,Chordata,8.391025858188911,7.208621493480201,4.771581158319097,5.700045653923898,7.7054305584458955,4.162754625484569,1.5770567254037469,6.4216962610565576,8.6423442563976,6.344665347058548,3.194141294861433,2.8948903095916796,1.159496742116632,5.402165899583952,5.753039696328812,4.514152716408472,4.307721965990247,3.0335056244666316,4.1390403964631926,4.676300773858208,0.00014115612512724217,0.00012099096439477899,6.0495482197389496e-05
37,Craniata,8.392249732372724,7.199289911123695,4.770182087595817,5.70389156431957,7.711020342502283,4.16419350164396,1.5748225636722524,6.423175865223773,8.643416187140431,6.342377387096859,3.1947330224673527,2.8919509315975604,1.1596541954478403,5.401453038764474,5.7542137780604445,4.512386843226903,4.3092791130679515,3.0358239595579164,4.139497218434583,4.676065401093306,0.00014146807075747866,0.00012125834636355314,6.062917318177657e-05
38,Vertebrata,8.392249732372724,7.199289911123695,4.770182087595817,5.70389156431957,7.711020342502283,4.16419350164396,1.5748225636722524,6.423175865223773,8.643416187140431,6.342377387096859,3.1947330224673527,2.8919509315975604,1.1596541954478403,5.401453038764474,5.7542137780604445,4.512386843226903,4.3092791130679515,3.0358239595579164,4.139497218434583,4.676065401093306,0.00014146807075747866,0.00012125834636355314,6.062917318177657e-05
39,Euteleostomi,8.396656126557566,7.200251323902197,4.770732852954222,5.704638844591496,7.712776044078221,4.160067690336989,1.5750537095322783,6.418027987569283,8.649561957771013,6.342460455323789,3.1962064530940806,2.891015839774117,1.1609736489160034,5.403220523541436,5.753273021275525,4.510566373178272,4.311263598251685,3.0369589321086767,4.132972085645637,4.673018314478971,0.0001216868474162536,0.0001216868474162536,6.08434237081268e-05
40,Archelosauria,7.8586491889817776,7.2975608948867015,5.467430505207003,5.386033917658095,7.3035596268788705,4.87603827191011,1.5324691711717489,5.597540933588865,8.827858111371631,6.010832882566548,3.2492442114821936,3.042805089820669,0.900120078066257,5.59836834489813,6.295876078608211,5.160460909469826,3.847669440907836,2.8545690169629663,4.9120306638631215,3.980882661699441,0.0,0.0,0.0
41,Archosauria,7.883233268636166,7.305659148725909,5.446026397819939,5.396271104441405,7.31494527490946,4.817779836266106,1.523497911768044,5.614208460922032,8.827322763963869,6.087800896283142,3.269633564875056,3.0177617225878715,0.8999517350725521,5.5995340886813585,6.340704530368499,5.091204662781779,3.875409993935357,2.852216460747774,4.836696019232599,4.000142157981082,0.0,0.0,0.0
42,Dinosauria,7.806383866701223,7.28804299552353,5.495629997091937,5.4119167296341315,7.343770722988174,4.808037447086036,1.510367425804858,5.577883149419665,8.888450854349866,6.155115330843837,3.2757682943300077,3.023655081869872,0.8967540423895758,5.583966962461656,6.337508045842748,5.065747767544805,3.886704800006814,2.8424791294793597,4.772507978920805,4.029309377711099,0.0,0.0,0.0
43,Saurischia,7.806383866701223,7.28804299552353,5.495629997091937,5.4119167296341315,7.343770722988174,4.808037447086036,1.510367425804858,5.577883149419665,8.888450854349866,6.155115330843837,3.2757682943300077,3.023655081869872,0.8967540423895758,5.583966962461656,6.337508045842748,5.065747767544805,3.886704800006814,2.8424791294793597,4.772507978920805,4.029309377711099,0.0,0.0,0.0
44,Theropoda,7.806383866701223,7.28804299552353,5.495629997091937,5.4119167296341315,7.343770722988174,4.808037447086036,1.510367425804858,5.577883149419665,8.888450854349866,6.155115330843837,3.2757682943300077,3.023655081869872,0.8967540423895758,5.583966962461656,6.337508045842748,5.065747767544805,3.886704800006814,2.8424791294793597,4.772507978920805,4.029309377711099,0.0,0.0,0.0
45,Coelurosauria,7.806383866701223,7.28804299552353,5.495629997091937,5.4119167296341315,7.343770722988174,4.808037447086036,1.510367425804858,5.577883149419665,8.888450854349866,6.155115330843837,3.2757682943300077,3.023655081869872,0.8967540423895758,5.583966962461656,6.337508045842748,5.065747767544805,3.886704800006814,2.8424791294793597,4.772507978920805,4.029309377711099,0.0,0.0,0.0
46,Aves,7.806383866701223,7.28804299552353,5.495629997091937,5.4119167296341315,7.343770722988174,4.808037447086036,1.510367425804858,5.577883149419665,8.888450854349866,6.155115330843837,3.2757682943300077,3.023655081869872,0.8967540423895758,5.583966962461656,6.337508045842748,5.065747767544805,3.886704800006814,2.8424791294793597,4.772507978920805,4.029309377711099,0.0,0.0,0.0
47,Neognathae,7.838383558991522,7.308144439680805,5.4409669879818,5.406253889664901,7.344793726748447,4.799673613896303,1.4986100930753592,5.558383005794736,8.849765582861963,6.209772221223394,3.253073699641805,3.043688716168559,0.90765762650919,5.58438325473329,6.364667321282863,5.073644322126489,3.88095205166858,2.824207891352151,4.78280111192554,4.0301768846723,0.0,0.0,0.0
48,Coriobacteriia,9.685682871813473,6.591251714405541,1.127823810117543,7.6601339786676945,7.436836199177085,4.669984017773143,1.4111966267299911,3.4616823277376647,10.62761411423325,13.097491583827347,2.9572787141675074,3.59770127971164,1.3046484476837106,6.515307799553405,5.01343187150743,3.8380014281989956,2.67050542375571,1.0416784738673588,3.781326864876506,3.510422452195006,0.0,0.0,0.0
49,Lepidosauria,8.338565662331309,8.679414522770823,3.2922901292453215,5.310881885269295,9.440208749541322,6.2151914216985364,2.4593305336975577,5.564072246911567,6.55196314265911,5.902067109715824,2.8421739307701714,2.687650344518286,1.359726016227015,4.638153871243936,5.6443918946467155,5.122518041342194,3.75015289273046,3.2449953112895993,5.6028050719615115,3.3489623680026095,0.0016308557915766298,0.002446283687364945,0.00040771394789415746
50,Squamata,8.338565662331309,8.679414522770823,3.2922901292453215,5.310881885269295,9.440208749541322,6.2151914216985364,2.4593305336975577,5.564072246911567,6.55196314265911,5.902067109715824,2.8421739307701714,2.687650344518286,1.359726016227015,4.638153871243936,5.6443918946467155,5.122518041342194,3.75015289273046,3.2449953112895993,5.6028050719615115,3.3489623680026095,0.0016308557915766298,0.002446283687364945,0.00040771394789415746
51,Bifurcata,8.338565662331309,8.679414522770823,3.2922901292453215,5.310881885269295,9.440208749541322,6.2151914216985364,2.4593305336975577,5.564072246911567,6.55196314265911,5.902067109715824,2.8421739307701714,2.687650344518286,1.359726016227015,4.638153871243936,5.6443918946467155,5.122518041342194,3.75015289273046,3.2449953112895993,5.6028050719615115,3.3489623680026095,0.0016308557915766298,0.002446283687364945,0.00040771394789415746
52,Gekkota,8.254430007971916,9.913847358778199,2.724437420455658,5.005524398260164,11.477461853680369,6.9859162808911766,3.2712829191200123,5.560062097033608,5.418106040474958,6.364246653892953,2.784576439490357,2.363603306247465,1.6398372050740548,3.2614928462538986,4.484552663599111,4.766366903959385,3.610439014838953,3.1293268625613626,5.887330247129411,3.0894672801778995,0.002797163676032503,0.004195745514048755,0.0006992909190081258
53,Gekkonidae,8.569446050653406,8.669673489842335,3.2988319648432984,5.539493465941945,9.946609614124359,6.95906094599283,2.801549670405921,5.428665047608034,5.736093442812536,5.853667938784164,2.7620369299564396,2.4690644154041865,1.3511429782969044,3.8346632743533404,5.014263135576886,5.108708222504915,3.7170887783817124,3.238117266103851,6.2526502447862455,3.442427045988975,0.002891176130449867,0.0038549015072664892,0.0
54,Lactobacillales,5.948196178451791,6.791905665187804,0.38233200869007977,7.124526637732547,9.851447673966478,6.450523737758042,2.5417597313044666,4.055731485592167,6.854708914813003,9.209830775757945,4.110561281895044,3.354658219399904,1.073856818434624,5.9733962284581406,4.822265819183735,4.4916136005457385,4.65679205332173,2.158738658747026,5.889428874335422,4.2577256364243095,0.0,0.0,0.0
55,Viridiplantae,10.62244032025975,4.661845552152898,1.5588680219901856,6.226248016824706,5.527063424713131,3.674869940596982,1.2987492159539535,14.935615983470464,4.340847876618825,5.0086706268678745,2.4812751355938456,7.735306054680294,0.5792716673430985,4.5696048407925325,5.894181455927388,3.7136110393683355,2.4978784636387115,2.021916393019223,9.759067261926724,2.8926687082610782,0.0,0.0,0.0
56,Streptophyta,10.68246498391027,4.696713230780677,1.5661911050761705,6.244303491378509,5.500269712244936,3.701568051189524,1.2871784379010807,15.038782760737337,4.356317776827068,4.867840999981399,2.4962333289931364,7.797474005319842,0.5803463477241867,4.588828332806309,5.825784490615874,3.7424899090418706,2.4106694443927754,2.0051710347649783,9.81194546232399,2.799427093990067,0.0,0.0,0.0
57,Embryophyta,10.68246498391027,4.696713230780677,1.5661911050761705,6.244303491378509,5.500269712244936,3.701568051189524,1.2871784379010807,15.038782760737337,4.356317776827068,4.867840999981399,2.4962333289931364,7.797474005319842,0.5803463477241867,4.588828332806309,5.825784490615874,3.7424899090418706,2.4106694443927754,2.0051710347649783,9.81194546232399,2.799427093990067,0.0,0.0,0.0
58,Tracheophyta,10.68246498391027,4.696713230780677,1.5661911050761705,6.244303491378509,5.500269712244936,3.701568051189524,1.2871784379010807,15.038782760737337,4.356317776827068,4.867840999981399,2.4962333289931364,7.797474005319842,0.5803463477241867,4.588828332806309,5.825784490615874,3.7424899090418706,2.4106694443927754,2.0051710347649783,9.81194546232399,2.799427093990067,0.0,0.0,0.0
59,Spermatophyta,10.738582057384884,4.71523079517982,1.5704941996664106,6.238872542588879,5.517344777825671,3.7219588073239755,1.2950017803931857,15.08648962686707,4.355403961843363,4.844543563410109,2.4962986562716694,7.760640191907645,0.5847186041717424,4.550310163233943,5.787214902828014,3.7556925729492683,2.4194606345696132,2.0127813489758055,9.74156187334845,2.807398939260481,0.0,0.0,0.0
60,Mammalia,8.386185286567084,7.382436976627947,4.74059540368253,5.748434693780009,7.806440741949882,3.902349518763017,1.5043870699103954,6.384075798976526,8.993473063933514,6.768870962384855,3.1739930315621145,2.492460040034899,1.2581586700831076,5.456516931392238,5.658514139804589,4.382978930237042,4.344134871109822,3.1039603118217984,3.537604208605964,4.974388844018622,4.050475404298202e-05,0.0,0.0
61,Eutheria,8.381234751324873,7.366779274374665,4.756148569860195,5.754251139567543,7.819483626138027,3.8958130805179354,1.5001121694391282,6.379441683807088,9.004658524178883,6.78863415423832,3.1743129519134134,2.4879428124863896,1.258023401914194,5.445518111871964,5.648244856435444,4.375142266184242,4.345024977216867,3.108613708995496,3.5300503160055516,4.980528535823138,4.108770664034862e-05,0.0,0.0
62,Gekkoninae,8.583372865275143,8.635752688172044,3.3246363061353574,5.5492963314358,9.896821631878558,6.947738772928526,2.775142314990512,5.434653700189753,5.752885831752056,5.85171568627451,2.762294433902593,2.4746995572422517,1.3421094244149272,3.851399430740038,5.034392789373814,5.111480075901328,3.7199557242251737,3.241619228336496,6.254941492726123,3.448173624288425,0.0029648956356736244,0.0039531941808981655,0.0
63,Cellvibrionales,7.878647410947628,6.06922787976631,2.282553966896574,6.497606355346339,6.987524276112305,4.343725773838543,1.0717454025239164,5.024655738753067,10.406559945014106,8.892849436154824,2.9171295445281844,2.280955539748887,0.945469657856669,14.400230173509266,4.211056320580549,6.755752339697738,3.563693325767445,1.10611158619918,1.4897341016439822,2.8747712251144875,0.0,0.0,0.0
64,Micrococcales,7.790783007738112,8.307369320662524,0.6213713086048175,9.064366598853681,8.002861150591274,3.4535388159667066,1.0103205789185223,6.384917649026002,10.381053237837788,15.043706862116695,2.6633782013766965,2.72831145667865,1.1629462419530139,6.226718316008509,3.904913190090015,2.772157660544919,2.741874053637284,1.0941114176629603,1.7511542141589795,4.894146717572853,0.0,0.0,0.0
65,Microbacteriaceae,8.311769892634237,8.374299068113578,0.6751422034474611,8.99152254219999,8.057763126804558,3.6532022429820366,0.8597041246203586,6.4896351408203135,10.212138152017936,15.411568761922325,2.789896207331762,2.7871587549490258,1.0964217175064401,5.879039183028948,3.412882739066039,2.714832381468312,2.643658619517171,0.9516248941038157,1.8486448169941043,4.839095430471591,0.0,0.0,0.0
66,Oceanospirillales,7.444540997852142,6.645242740732239,1.6789362364939089,6.437835090423177,6.218950336934958,4.280959485825778,1.0419570100506632,4.520339066419636,10.345788722926333,8.857864275056976,2.925021724516732,2.118345329638799,0.7640471544982047,17.58702103589054,4.98844091751242,6.735419979997049,3.261136889049204,0.909970323490351,1.2936334869079045,1.9445491957829844,0.0,0.0,0.0
67,Alteromonadales,7.289925543230512,6.364642802874075,1.0620400720689431,6.68754205830638,8.164195628106889,5.554409881259904,0.997460220982482,4.3534417261814315,8.974971237545315,7.170534221894197,3.5925933965745545,2.825775500900862,1.0734365163783186,14.204853799900146,4.932489634662557,7.403889986324267,3.5421234289187487,1.2215902924001998,2.360692035513491,2.2233920159767298,0.0,0.0,0.0
68,Clostridiaceae,8.380785498916923,6.643735547676013,0.43464572128667395,7.565382579031587,7.450884208068657,8.074552471738006,1.3206815188309138,2.752323868842175,7.200190555476288,7.477887428409039,3.0043146193548234,4.031262418238612,0.4961989135036148,6.667437064219318,5.732465299682683,8.186456646860375,2.153536301643659,0.7091588084150996,9.321771081083948,2.396329448721592,0.0,0.0,0.0
69,Laurasiatheria,8.336063930201053,7.312554713825297,5.296640632259516,5.636440997099862,7.688154426256768,3.7194152773226783,1.3946095572520578,6.429308515060669,9.356540961398327,6.957397798242311,3.029250805729852,2.551828358756413,1.26715996733065,5.422818660654463,5.624605693661266,4.269121106454153,4.2685342319034785,3.1952384911455303,3.2304509641859807,5.013864911259677,0.0,0.0,0.0
70,Artiodactyla,8.350898742090083,7.424848930173388,5.337398418564864,5.699527324172269,7.727317592095018,3.6445390039810053,1.4285557614906288,6.508888718291787,9.264884901790904,6.893609554412555,3.0295120801026507,2.5544235219284297,1.2723863000778655,5.440487810227784,5.630216158713796,4.238728710395578,4.254082449579418,3.0648256802254807,3.199061228518474,5.035807113168024,0.0,0.0,0.0
71,Euarchontoglires,8.412794768617717,7.330110800244019,4.3612382460685,5.860587628958922,7.95999230679076,4.022631858901734,1.5826674399944705,6.35846748867806,8.736525614480062,6.663941988394073,3.303722491517936,2.448829640492726,1.2477423736555666,5.4463263423297805,5.66885842992418,4.423970958135118,4.411950318697203,3.045053356613305,3.7436778949456215,4.970834923563759,7.512899648696813e-05,0.0,0.0
72,Glires,8.315092401040696,7.41195444721888,4.5358690411456895,6.005258933949084,8.04998914016276,3.960374687490854,1.6158821653745257,6.372490876966516,8.678627378188825,6.579058844913822,3.1853982171382094,2.4786615751231165,1.200743706300708,5.379855541058657,5.653585055631634,4.395538378356729,4.53910388628133,2.977289846745361,3.837758652825637,4.827313183842411,0.00015404024455429224,0.0,0.0
73,Rodentia,8.301503350496612,7.38842544151181,4.546625491761309,6.020557769431131,8.05884279857902,3.972254644103158,1.6187971287818312,6.364512404947349,8.672649961358772,6.565351380748082,3.1924333160534424,2.4900534616497736,1.1939026368265215,5.369381517725669,5.662132550543681,4.39396878806479,4.546466474361624,2.970604043494439,3.8604654121253947,4.810912410035906,0.0001590173996838734,0.0,0.0
74,Actinopterygii,8.920132522434967,6.457295914448219,4.541348135234336,5.957330982128842,7.494464316130131,3.630757361708097,1.5711155864151145,7.361624602148814,8.242908814011042,5.850875523092903,3.2570360796336932,3.603788645418992,1.1417034877313215,5.273344221013222,5.550629381372716,4.072526643087826,4.753424108529462,3.034606791106836,4.372605795852662,4.912230605067781,8.349447767524656e-05,0.0,0.00016698895535049313
75,Neopterygii,8.926890784751846,6.4311226217076305,4.518332317692464,5.970444850700792,7.490436048479924,3.614665854153971,1.5724659760308755,7.385401855237322,8.249796871826122,5.858131897894238,3.255890717042454,3.6047633556774326,1.1459814476267858,5.275577222560769,5.5509851716433065,4.0509682442954835,4.768010698083824,3.035750558602478,4.365563003588598,4.928566592186336,8.463673911571535e-05,0.0,0.0001692734782314307
76,Teleostei,8.938556059730201,6.433427631612603,4.510032620724818,5.9725938165565955,7.4869082271411935,3.6089980679936633,1.5750199936225033,7.401050752254718,8.24368175950699,5.858770848360523,3.253716938051317,3.6045645141762885,1.1447094913861164,5.276611127879039,5.546120043585244,4.047152550060791,4.774766940012312,3.0380927533562856,4.358183402479721,4.926786679558077,8.526065033413648e-05,0.0,0.00017052130066827297
77,Neoteleostei,9.089349804555766,6.150786742032955,4.702139376048635,5.822445587061346,7.388578731592068,3.4586729910383243,1.4866916082139454,7.431265661009037,8.433183348744475,5.825153821253964,3.3436375196185772,3.546755084064879,1.1470016623399402,5.388741225643625,5.293953028902018,4.0406854153850915,5.167181875980929,3.096414426892508,4.18048188513734,5.0068802044845775,0.0,0.0,0.0
78,Acanthomorphata,9.089349804555766,6.150786742032955,4.702139376048635,5.822445587061346,7.388578731592068,3.4586729910383243,1.4866916082139454,7.431265661009037,8.433183348744475,5.825153821253964,3.3436375196185772,3.546755084064879,1.1470016623399402,5.388741225643625,5.293953028902018,4.0406854153850915,5.167181875980929,3.096414426892508,4.18048188513734,5.0068802044845775,0.0,0.0,0.0
79,Ovalentaria,9.183571528473525,6.380033281669678,4.854385559294748,5.843987178279572,7.5403247674421925,3.740334472217227,1.3992002123633125,6.672889140071302,8.60356850286719,5.816585460534391,3.5019966147461203,3.3267397950008992,1.1725651718458767,5.615639530403062,5.519162649175237,4.074007472676777,4.401971781939413,3.189160337155302,4.127098300808065,5.03677824303611,0.0,0.0,0.0
80,Atherinomorphae,9.17200926049597,6.178487155514002,5.171742130804506,5.921931347669293,7.69945683629402,3.68249410088598,1.3211789323716665,6.727772583589332,8.801366813587997,5.761653532790169,3.594563910778683,3.016895952985174,1.0885534927207159,5.691531988780553,5.4149414540759535,4.2607185788700415,4.264614220203909,3.112060905569654,4.2050665598147905,4.912960242197587,0.0,0.0,0.0
81,Cyprinodontiformes,9.289288612388424,6.292263997836083,4.936434947254531,5.913578577224777,7.577765756018393,3.6746010278604273,1.28550175818231,7.015147416824452,8.728698945090613,5.753989721395726,3.5609954016770353,3.032188260751961,1.0995401677035435,5.783743575872329,5.454422504733568,4.234514471192859,4.239924262915878,3.0944008655666755,4.115499053286449,4.917500676223965,0.0,0.0,0.0
82,Passeriformes,7.756760964327017,7.5210168134507605,5.440463481896629,5.504959523174095,7.25080064051241,4.591450938528601,1.4734009429766035,5.585579574770928,9.020549773151854,6.2577840049817635,3.313206120451917,2.895093852860066,0.9235165910506182,5.486611511431367,6.506316164042345,4.845543101147585,3.9398185214838537,2.9929499154879458,4.630926963793256,4.0632506004803846,0.0,0.0,0.0
83,Sar,6.887968466066279,4.396250126887768,3.2539027818087978,5.824255794303133,6.775592369291301,4.975430238892137,1.4889117962018024,6.113774364238666,6.430314667368183,5.786511151111537,2.972819567738052,3.350408971787309,0.9055854923316896,6.742708778631957,9.017824335858698,8.159848563916407,2.969102292272213,2.04693203247755,7.237964248388347,4.663893960428173,0.0,0.0,0.0
84,Carnivora,8.358408130008277,7.105096011343004,5.418080799656117,5.49795659119634,7.667755201550039,3.8208857551630557,1.3569260972495782,6.328151565116413,9.406096223061969,6.986725862433998,3.043941308936465,2.521059621343838,1.2725592973496636,5.2894454887821025,5.546074537907319,4.340238793330211,4.342805083821463,3.3948815336151976,3.323987758794357,4.978924339340591,0.0,0.0,0.0
85,Feliformia,8.638503667168434,7.3843000352304395,5.228197162348269,5.460718060404189,7.510489062550043,3.8413989687089645,1.3803926592575986,6.287672549082407,9.257278288441213,6.8411107196617875,2.9599974377862472,2.52057777920123,1.3304294910802934,5.408833231912372,5.631105274957563,4.315408512955194,4.2782564135413,3.423117573583576,3.3327995388015244,4.969413573327355,0.0,0.0,0.0
86,Felidae,8.478330111182714,7.212432316318897,5.442101286638075,5.5754316570742875,7.618349221869144,3.8006562817122584,1.3288593586809183,6.3376369414013025,9.425716465560024,6.834662933416294,2.9991926105345805,2.5636467337762863,1.279230831907439,5.40136145122701,5.541358340185033,4.225832018547736,4.259164611156789,3.351777367910343,3.3251112938231002,4.999148167077768,0.0,0.0,0.0
87,Ostariophysi,8.730956074980288,6.714016837500318,4.086018770506397,6.079431289264186,7.5800544293816925,4.077752626090495,2.0004069486481675,6.862807436986545,8.042322659409416,5.885494824121881,3.3833964951547677,3.118879873845919,1.11020678078185,5.229925986214615,6.181168451306051,4.286313808276318,4.05295419284279,2.757712948597299,5.24327898873261,4.576900577358394,0.0,0.0,0.0
88,Cypriniformes,8.923509838557285,6.820235796738282,3.9251530214024566,5.994536417039806,7.336811403688945,4.280491311670706,2.240890605102083,6.674403319229347,8.3001273466705,5.769625765107012,3.531816127839625,3.018321488723658,1.0670418600829807,5.394774678552356,5.947294910241137,4.440701639074888,4.262005504662532,2.714332662367005,4.814525736351312,4.5434005668980815,0.0,0.0,0.0
89,Galloanserae,8.470049340093244,8.162863084639328,3.822837802938658,5.375079854834106,7.324897038235174,4.615269603512253,1.4550570197496295,6.30071631485232,8.150630003669924,6.48693099183102,2.851667097089886,2.959046363376874,1.0146661048510963,6.119938562748909,6.898778051134278,4.803523127319188,3.797692025390439,3.010697149692134,4.191189463239592,4.188471000801947,0.0,0.0,0.0
90,Caulobacterales,8.515619936483246,8.825102080497764,0.7275260872383175,8.873711841337741,5.918238382267159,3.821537364702832,1.688379026508523,3.063225095599196,11.644468209216411,14.613714433858318,1.8447404238771146,3.3313889428997343,0.3435089766025018,4.848823643787672,2.9506124829865836,7.390303973037786,4.642232160217771,0.6465098191716897,1.288968824940048,5.02138829476959,0.0,0.0,0.0
91,Caulobacteraceae,8.515619936483246,8.825102080497764,0.7275260872383175,8.873711841337741,5.918238382267159,3.821537364702832,1.688379026508523,3.063225095599196,11.644468209216411,14.613714433858318,1.8447404238771146,3.3313889428997343,0.3435089766025018,4.848823643787672,2.9506124829865836,7.390303973037786,4.642232160217771,0.6465098191716897,1.288968824940048,5.02138829476959,0.0,0.0,0.0
92,Chelicerata,8.65337717711103,6.866061454711371,6.984062052581066,4.808131027863874,3.765005742695763,3.4031372425620288,1.0604320395223337,9.941943705848109,6.958888591702198,5.649868626001038,3.1403892446388393,5.6860554760144115,0.2674680218379773,4.724743938702622,5.6357085542566745,5.585361632498938,3.8798596579556004,1.9761166789911735,7.816359602888655,3.1970295316162933,0.0,0.0,0.0
93,Arachnida,8.779777032293044,5.774118125444749,7.426044525770052,4.576259699772966,3.808749279929518,3.4665040154518656,1.0657043136457591,9.384636237335231,7.297278980719054,5.884246552133103,3.2072786418623562,5.853749449357866,0.2321168377892989,4.888007861475382,5.879163701670564,5.892717969570668,3.4936125512520757,1.985700247365389,7.844532547185795,3.2598014299752633,0.0,0.0,0.0
94,Deltaproteobacteria,6.067580733983818,6.238909520514739,3.8657234169737875,6.70723958259789,6.547677883053983,2.8594021378443637,1.108459594176704,6.327868698136564,11.56939992563201,10.164880422862037,2.319057503400688,1.830958735179354,1.0025558112935795,13.459194095746433,4.226266962255892,5.11774147239206,3.246303957977379,1.0246779348291655,2.0182907600126145,4.297810851136936,0.0,0.0,0.0
95,Myxococcales,5.71732560492425,6.07176193366884,4.003237576778219,6.851130214554735,6.7832455401727145,2.426877109157251,1.1435956684355846,6.803480395036586,11.533214535153165,10.730347713135032,2.2578181604558716,1.5992062714995332,0.828323574911391,13.088034673402914,4.348535583971384,4.654016618690479,3.2042871782821263,1.0143536922082754,2.0776626784420467,4.863545277119601,0.0,0.0,0.0
96,Cystobacterineae,5.880084571094239,6.059598686222624,3.5331037325638603,7.493052138877438,7.191202478624523,2.299110407829475,1.1422416658909884,6.7789848809223034,10.782814515378377,10.165817853011182,2.1554991157267662,1.577064744757523,0.7007699160937728,12.395782083161576,4.3668470672712525,4.845551374280281,3.4785846309322768,0.8497001449410263,2.8150472720503172,5.489142720370198,0.0,0.0,0.0
97,Protacanthopterygii,8.6095782933707,7.112789007718453,3.9588194762106044,6.530865126836245,7.871895682182707,3.8285380103414535,1.5824855387572885,7.918797009895601,7.578328112424219,5.662322021041905,2.819869950145626,4.593434972177669,1.2020636584193674,4.944326386918583,5.900302832029554,3.9466598727294837,4.161479534229284,2.9825770252977657,4.086784827130971,4.706345575930934,0.000579028737196227,0.0,0.001158057474392454
98,Salmoniformes,8.841951354448637,7.136129826849236,3.6098871786765723,6.619114421766019,7.936351122614978,3.6770662504198692,1.5484117418479513,8.32625318606627,7.209236463746353,5.758958856111649,2.7569764148768714,4.727562519346914,1.2355680253963235,4.832941455414831,6.059947442255636,3.7943003167954266,4.190129945400539,2.991444547627986,3.9220722767777754,4.823720798508888,0.0006586183504244795,0.0,0.001317236700848959
99,Salmonidae,8.841951354448637,7.136129826849236,3.6098871786765723,6.619114421766019,7.936351122614978,3.6770662504198692,1.5484117418479513,8.32625318606627,7.209236463746353,5.758958856111649,2.7569764148768714,4.727562519346914,1.2355680253963235,4.832941455414831,6.059947442255636,3.7943003167954266,4.190129945400539,2.991444547627986,3.9220722767777754,4.823720798508888,0.0006586183504244795,0.0,0.001317236700848959
100,Salmoninae,8.841951354448637,7.136129826849236,3.6098871786765723,6.619114421766019,7.936351122614978,3.6770662504198692,1.5484117418479513,8.32625318606627,7.209236463746353,5.758958856111649,2.7569764148768714,4.727562519346914,1.2355680253963235,4.832941455414831,6.059947442255636,3.7943003167954266,4.190129945400539,2.991444547627986,3.9220722767777754,4.823720798508888,0.0006586183504244795,0.0,0.001317236700848959
101,Spiralia,13.311761820308668,7.9289460775065095,3.2404437568393645,4.459265688087242,4.504546998226482,3.045168106863892,0.9575110373193464,9.575110373193464,8.046866155994113,6.195992604052678,1.8678540432436512,8.727972529338516,0.908456284668503,3.249877363118373,2.4668880419606807,4.393230444134184,2.981962944794536,3.147051054677182,7.0638843817214445,3.9272102939511715,0.0,0.0,0.0
102,Lophotrochozoa,13.311761820308668,7.9289460775065095,3.2404437568393645,4.459265688087242,4.504546998226482,3.045168106863892,0.9575110373193464,9.575110373193464,8.046866155994113,6.195992604052678,1.8678540432436512,8.727972529338516,0.908456284668503,3.249877363118373,2.4668880419606807,4.393230444134184,2.981962944794536,3.147051054677182,7.0638843817214445,3.9272102939511715,0.0,0.0,0.0
103,Mollusca,9.05373831775701,9.688804931397891,3.3754225492145555,4.742493537482601,4.820789421356134,3.488516603698548,0.9693776098627958,12.08490753628952,5.150129250347982,5.04697753032412,1.8269039570491152,9.134519785245576,0.954464108172599,3.6649930403658777,2.6782163451978525,4.951282561145357,3.631437661562935,3.346838337641678,7.064028633923245,4.326158281964605,0.0,0.0,0.0
104,Bivalvia,8.31286635884337,10.637914660903167,3.4466385041097687,4.820381831876085,4.510921177587845,3.7773848118675706,0.8776238661296133,12.031306284179847,5.115106264531552,4.697579984936307,1.4130399187870453,9.637488947833775,0.9529423322526771,3.837967056357861,2.4887840979795004,4.782722598814553,2.8047941841045287,3.8477912041130433,7.464714935979304,4.542030978812588,0.0,0.0,0.0
105,Autobranchia,8.31286635884337,10.637914660903167,3.4466385041097687,4.820381831876085,4.510921177587845,3.7773848118675706,0.8776238661296133,12.031306284179847,5.115106264531552,4.697579984936307,1.4130399187870453,9.637488947833775,0.9529423322526771,3.837967056357861,2.4887840979795004,4.782722598814553,2.8047941841045287,3.8477912041130433,7.464714935979304,4.542030978812588,0.0,0.0,0.0
106,Pteriomorphia,8.31286635884337,10.637914660903167,3.4466385041097687,4.820381831876085,4.510921177587845,3.7773848118675706,0.8776238661296133,12.031306284179847,5.115106264531552,4.697579984936307,1.4130399187870453,9.637488947833775,0.9529423322526771,3.837967056357861,2.4887840979795004,4.782722598814553,2.8047941841045287,3.8477912041130433,7.464714935979304,4.542030978812588,0.0,0.0,0.0
107,Mytiloida,7.595002065262288,7.749896736885584,3.4180090871540685,3.898182569186287,3.5109458901280464,1.9619991738950846,0.5163155720776539,14.12639405204461,7.522717885171417,5.793060718711276,1.063610078479967,12.252168525402727,2.2872779843040068,1.8329202808756713,0.929368029739777,4.920487401900042,1.0481206113176373,2.7571251548946716,13.444857496902106,3.3715406856670795,0.0,0.0,0.0
108,Mytiloidea,7.595002065262288,7.749896736885584,3.4180090871540685,3.898182569186287,3.5109458901280464,1.9619991738950846,0.5163155720776539,14.12639405204461,7.522717885171417,5.793060718711276,1.063610078479967,12.252168525402727,2.2872779843040068,1.8329202808756713,0.929368029739777,4.920487401900042,1.0481206113176373,2.7571251548946716,13.444857496902106,3.3715406856670795,0.0,0.0,0.0
109,Mytilidae,7.595002065262288,7.749896736885584,3.4180090871540685,3.898182569186287,3.5109458901280464,1.9619991738950846,0.5163155720776539,14.12639405204461,7.522717885171417,5.793060718711276,1.063610078479967,12.252168525402727,2.2872779843040068,1.8329202808756713,0.929368029739777,4.920487401900042,1.0481206113176373,2.7571251548946716,13.444857496902106,3.3715406856670795,0.0,0.0,0.0
110,Mytilinae,7.595002065262288,7.749896736885584,3.4180090871540685,3.898182569186287,3.5109458901280464,1.9619991738950846,0.5163155720776539,14.12639405204461,7.522717885171417,5.793060718711276,1.063610078479967,12.252168525402727,2.2872779843040068,1.8329202808756713,0.929368029739777,4.920487401900042,1.0481206113176373,2.7571251548946716,13.444857496902106,3.3715406856670795,0.0,0.0,0.0
111,Alveolata,7.026729596116131,4.808819537183684,3.2798140846236348,5.723544614455675,6.848751413660495,4.821967036298054,1.4985714268323413,6.010476609016506,6.324555754526453,6.007676678649557,3.015281532998397,3.9892920923879633,0.9139946606545263,6.471612966842738,8.655436916960152,7.618610528468596,3.04060264240385,2.1287992316017186,7.089058480806477,4.726404195513051,0.0,0.0,0.0
112,Apicomplexa,7.006526352417951,4.53326864976004,3.3588046069266455,5.823680537652571,6.752660260114323,4.941943529716556,1.5127828371790004,5.970996529184441,6.4131984968689,5.977346356405643,3.040805259688884,3.3581696242045256,0.915518088752805,6.553656675001873,8.879725382672337,7.841020645828227,3.040424270055612,2.0615349056352175,7.292014584283161,4.725922407651288,0.0,0.0,0.0
113,Aconoidasida,6.490646603660816,4.02788919749042,2.7520047558017264,5.660938184165865,6.851966082951665,5.353952461159355,1.5341295892048414,6.111109335498161,6.039836231666352,5.3963008300280295,3.0602689201325743,3.56269636059716,0.7921542055925416,6.783249861768532,9.451836321157245,8.858319936333622,2.709176971436425,2.1268469482007535,7.808240193556016,4.628437009597898,0.0,0.0,0.0
114,Piroplasmida,6.187411541645526,6.402382033273693,3.846770101743798,4.997730125243677,6.877720511656475,3.1991881859695037,1.8706438432985286,3.6277939487809436,9.89131305578551,5.71340828370764,1.7117526103559697,4.1672230085187065,0.8692285096269394,9.485406040537292,10.728496274734958,5.180655326194355,3.4675674953934896,2.7652415413784817,5.311506929794109,3.6985606323604028,0.0,0.0,0.0
115,Babesiidae,5.859211392329325,6.6041404894393585,3.7964458804523424,4.937772991084785,6.779153952013402,2.5474181774666427,1.7950098725542991,3.631903308801532,10.437982408903249,6.088075151079997,1.3387781966134147,4.031293005444863,0.8690839466283731,9.92341291210435,11.24274516843176,4.854005863698917,3.625919942559684,2.897445102614731,5.000598336624185,3.7396039011547897,0.0,0.0,0.0
116,Babesia,5.859211392329325,6.6041404894393585,3.7964458804523424,4.937772991084785,6.779153952013402,2.5474181774666427,1.7950098725542991,3.631903308801532,10.437982408903249,6.088075151079997,1.3387781966134147,4.031293005444863,0.8690839466283731,9.92341291210435,11.24274516843176,4.854005863698917,3.625919942559684,2.897445102614731,5.000598336624185,3.7396039011547897,0.0,0.0,0.0
117,Cetacea,8.262107064328568,7.563788326599596,5.436880142270356,5.612615983553143,7.770214877005932,3.6454676549355285,1.4231239778522389,6.4820459351627235,9.353519131242722,6.872616740310354,3.0757976431217076,2.5363979197585103,1.246967715896526,5.428892149484774,5.550393723960195,4.173936440802668,4.361444060927364,3.063605443606873,3.1371790613688058,5.0030060078114165,0.0,0.0,0.0
118,Whippomorpha,8.308470847084708,7.615401540154015,5.423102310231023,5.596479647964797,7.732893289328933,3.6594059405940595,1.4341034103410342,6.488008800880088,9.325412541254126,6.82024202420242,3.066226622662266,2.5425742574257426,1.24004400440044,5.451705170517052,5.567876787678768,4.195819581958196,4.34983498349835,3.062266226622662,3.1353135313531353,4.984818481848185,0.0,0.0,0.0
119,Eupercaria,9.264980298121118,5.81571097410167,4.070244179191802,5.684069623647574,7.102427608338172,3.2032728610496735,1.5486696245340472,8.831051402179838,8.011506429150803,5.959762956921809,3.268428680971398,3.791448187826056,1.1422214145461476,5.044922056796373,5.000155132904576,3.91910040644821,6.281109687828272,2.9187147903711224,4.229366215599279,4.912837469472061,0.0,0.0,0.0
120,Odontoceti,8.245325591614455,7.608411219567589,5.4942504900290805,5.586084655300954,7.719500935622275,3.672379146732234,1.4337979352124777,6.394324056107712,9.311786865739437,6.856951006966559,3.0887878383916183,2.5516073447582936,1.2501296046687305,5.469563886461373,5.4893131693155395,4.234246243933267,4.370022563555661,3.07595080453641,3.1796345395207837,4.967932101965547,0.0,0.0,0.0
121,Conoidasida,9.003408366891211,6.489505817729694,5.707622741415679,6.453628271506424,6.368264454630369,3.3471276312777976,1.4301532218655086,5.428643890610599,7.85841977966238,8.226473917642474,2.965464768868187,2.566481711730102,1.3930385188759193,5.664940832977651,6.665182078547083,3.9032295977384774,4.322625741520837,1.8087231923593199,5.2937938030817575,5.103271661068533,0.0,0.0,0.0
122,Coccidia,9.003408366891211,6.489505817729694,5.707622741415679,6.453628271506424,6.368264454630369,3.3471276312777976,1.4301532218655086,5.428643890610599,7.85841977966238,8.226473917642474,2.965464768868187,2.566481711730102,1.3930385188759193,5.664940832977651,6.665182078547083,3.9032295977384774,4.322625741520837,1.8087231923593199,5.2937938030817575,5.103271661068533,0.0,0.0,0.0
123,Eucoccidiorida,9.003408366891211,6.489505817729694,5.707622741415679,6.453628271506424,6.368264454630369,3.3471276312777976,1.4301532218655086,5.428643890610599,7.85841977966238,8.226473917642474,2.965464768868187,2.566481711730102,1.3930385188759193,5.664940832977651,6.665182078547083,3.9032295977384774,4.322625741520837,1.8087231923593199,5.2937938030817575,5.103271661068533,0.0,0.0,0.0
124,Eimeriorina,9.003408366891211,6.489505817729694,5.707622741415679,6.453628271506424,6.368264454630369,3.3471276312777976,1.4301532218655086,5.428643890610599,7.85841977966238,8.226473917642474,2.965464768868187,2.566481711730102,1.3930385188759193,5.664940832977651,6.665182078547083,3.9032295977384774,4.322625741520837,1.8087231923593199,5.2937938030817575,5.103271661068533,0.0,0.0,0.0
125,Sarcocystidae,7.95015667128179,6.389689884552524,5.158180739321889,6.980980835094367,6.4656832637594865,2.98352088776923,1.4896784334953832,5.981615848263083,7.856466203766357,9.263905226887083,3.0563912513923444,2.5567087579767023,1.1117935478498038,5.786947876869905,5.979533837873851,3.4311531214540762,4.59395592384006,2.1704958307741955,5.557926734054403,5.235215123723467,0.0,0.0,0.0
126,Chiroptera,8.405052794885684,7.605272132726142,4.784641001464482,5.6305628556716885,7.45882400144442,3.823031810673996,1.406972000989695,6.552049270768552,9.400766345015748,6.865675634107034,2.955042429835296,2.6888946844009336,1.226419510368394,5.667342066724176,5.924796544091587,4.355996014470948,4.059756187266369,3.2379079984753347,3.067386201777439,4.883610514842084,0.0,0.0,0.0
127,Microchiroptera,8.264650344833175,7.61145283768123,5.027837883834577,5.601614354136783,7.549861013185513,3.8227452124512737,1.3955410760740075,6.585462708581524,9.421117891614598,6.823725819130745,2.9264220822899194,2.7003152528911687,1.1791592715956334,5.719935490668028,5.746679309199063,4.321152739620562,4.103150097655458,3.2384332984853272,3.108766299546976,4.8519770165244385,0.0,0.0,0.0
128,Vespertilionidae,8.275207910167477,7.452190242593799,5.178591959529376,5.583873069405588,7.582493389031541,3.828613037979535,1.4208791629939064,6.610968458973671,9.47859579197486,6.80738129000115,2.954815467749971,2.730617406967386,1.1669796497144829,5.707469436247269,5.722799218181121,4.3067106120415435,4.048020541907792,3.2029663128042003,3.0841605028168475,4.856666538918484,0.0,0.0,0.0
129,Ruminantia,8.532837576355428,7.349850134689077,5.036992070417726,5.851955837159009,7.594187502371287,3.6734074439427857,1.4030428349205144,6.663884357096786,9.192244944417043,6.909739348180749,2.999582653564518,2.6383882839473385,1.2710095989680161,5.439921083583108,5.644041431118868,4.251621960010623,4.017907956140684,3.0185529460864284,3.382782562507114,5.128049474522897,0.0,0.0,0.0
130,Pecora,8.532837576355428,7.349850134689077,5.036992070417726,5.851955837159009,7.594187502371287,3.6734074439427857,1.4030428349205144,6.663884357096786,9.192244944417043,6.909739348180749,2.999582653564518,2.6383882839473385,1.2710095989680161,5.439921083583108,5.644041431118868,4.251621960010623,4.017907956140684,3.0185529460864284,3.382782562507114,5.128049474522897,0.0,0.0,0.0
131,Bovidae,8.70535933827073,7.471993547942915,4.860680810047898,5.851110914402054,7.504450542425226,3.7414062730518425,1.4399103006697944,6.700894042666195,9.03681410010524,6.811051114848583,2.976208039499179,2.649671004101384,1.2687734206721548,5.499001701533347,5.677023398542386,4.321697992584069,3.993193866611588,3.0401384831764577,3.3686426091489383,5.081978499700019,0.0,0.0,0.0
132,Bovinae,8.744426003319402,7.498650242956268,4.862124817532844,5.832950068987582,7.504649163150633,3.7363274610570096,1.4387410266152092,6.71979043772121,9.038373092843289,6.800775860345138,2.9674658561458935,2.650522905876942,1.2647723409786238,5.516007118718631,5.652982463156632,4.3092243396188685,3.992281389349917,3.0664480393529163,3.3214021476134294,5.082085224659561,0.0,0.0,0.0
133,Myomorpha,8.377802909552138,7.456179482665908,4.07665244765531,6.1316170849981795,8.126297615401866,4.076170174799796,1.7328063698598757,6.448711487498282,8.352001311782168,6.507789912298681,3.2524481375828,2.5246983986129834,1.1745755396030413,5.315852549897155,5.779075627617837,4.3623991145470375,4.67949351704714,2.8073102919438733,4.099078135436686,4.718798754771487,0.00024113642775673192,0.0,0.0
134,Muroidea,8.386694818455574,7.4387970549404905,4.0544015190098746,6.150951606283717,8.138471199632114,4.0833279765819315,1.7353402196432899,6.456780905571186,8.335517239674244,6.501035913309631,3.2526194514356916,2.524266083852114,1.1711506796481357,5.3143094488150044,5.778121708688321,4.35503889001518,4.682130371791512,2.8031468030083517,4.117199127756049,4.720451747207484,0.00024723468010304743,0.0,0.0
135,Muridae,8.337646761772504,7.387324832723141,3.933215503093044,6.229958338593612,8.250220931700543,4.197702310314354,1.7696629213483146,6.474876909481126,8.30829440727181,6.40417876530741,3.279257669486176,2.5710137608887766,1.1715692463072844,5.327610150233556,5.683625804822624,4.361507385431133,4.7105794722888525,2.770483524807474,4.0840802928923114,4.7468753945208935,0.00031561671506122964,0.0,0.0
136,Murinae,8.379253407582478,7.4309580082235245,3.8550199112895394,6.232395506200019,8.235179849127464,4.221840903940169,1.7868358856476836,6.482015087253537,8.255576779875028,6.3813254767377865,3.275811830219834,2.5745459254702627,1.1720141159711206,5.341082008612037,5.694952569041992,4.368828309644835,4.711691002687215,2.760384627836954,4.095574189788584,4.74439084404442,0.00032376080551688413,0.0,0.0
137,Perciformes,9.370284941294809,5.179410693536359,3.8188723747420266,5.350236728464647,7.104455351103866,2.9578051022354797,1.2955030263089438,10.318933074348346,7.821577842909419,5.759525502506027,3.077470040408595,4.119768994641092,1.0969285999202234,4.678205372782297,4.6860096078805435,3.8674320597977836,7.451310244359273,2.8814970257192902,4.302734950833319,4.862038466207662,0.0,0.0,0.0
138,Primates,8.53012995456504,7.270198144802196,4.163686808742261,5.704544251835164,7.870151273464018,4.085517512492723,1.5624787378002223,6.329445028236202,8.770383362186926,6.722408279595092,3.4246316442011837,2.4187122477830614,1.3001504418757608,5.5173612948585165,5.700159513747666,4.453684313977487,4.303696031812031,3.1196655503224293,3.648102088798506,5.104893518903513,0.0,0.0,0.0
139,Haplorrhini,8.54158793528361,7.273326291921434,4.064477368966753,5.729545182931359,7.884927825528025,4.098553926556136,1.5709131548432318,6.3374322102604355,8.704057209856686,6.731977377041767,3.443185818984034,2.409261071651211,1.3076677099584297,5.529284844491388,5.720662667919909,4.438189000539411,4.298491264450237,3.110172256191113,3.680429719926227,5.125857162698605,0.0,0.0,0.0
140,Catarrhini,8.491393372177457,7.257490239273725,4.009878240859295,5.766808970396848,7.925744814449733,4.1077485959638125,1.576624770671166,6.3491200437785675,8.651178127554187,6.7342872477382825,3.4519470588028947,2.423782145500595,1.2984484567002605,5.521080713225828,5.735062493203448,4.4459099662891,4.310505102237689,3.0806360520712386,3.728720213560832,5.13363337554504,0.0,0.0,0.0
141,Cercopithecidae,8.904310870990347,8.057169337884575,4.412030653073219,5.292515315233854,7.339444356534123,3.9322286773515382,1.450708682776861,6.318805524786943,9.072156791825847,7.050658950652169,3.4625991816804937,2.0932703393087233,1.3778059090806338,5.6632456993014895,5.612383299048308,4.261704003436038,4.0045663132671745,3.6038836268282206,3.0766100775369036,5.013902389402537,0.0,0.0,0.0
142,Hominidae,8.302402256067849,6.891323055230117,3.8239624265170917,5.98464505292843,8.203388248955427,4.205244113591357,1.6412478875283822,6.359446765715234,8.431483343874092,6.561621963484049,3.4455319281293093,2.576437776694902,1.253745425138153,5.468061502731957,5.802946573907994,4.541943577567884,4.4538159272584,2.833822355392894,4.0471327409772835,5.1717970783091936,0.0,0.0,0.0
143,Brevundimonas,8.271989345044185,9.141304152193085,0.768524684580911,9.099908208995519,5.592051978906067,3.9182160148305467,1.387664008927125,3.1424920357804935,11.965227407714044,15.14731556307482,1.6882345530138045,3.3080758085707602,0.3617645470743867,4.911718651572146,2.744731016360397,7.107503464660463,5.021507892226562,0.5345476143337953,0.6209391479634996,5.26628390417739,0.0,0.0,0.0
144,Enterobacterales,8.934980441708225,8.522755277154213,0.9042069370326061,6.466110162694519,8.71094502618974,5.697668687466114,1.8774167820449057,3.4747892946917047,9.952101228162148,7.877533280460975,3.675076956165231,4.096711608171019,1.6569659331747162,4.949390399634374,3.8856702467526065,6.641305857629974,3.330958557928837,1.4553340592080797,3.923756267390749,3.965874925508224,0.0004480708310369703,0.0,0.0
145,Unidentata,8.456213087182697,6.953299174717409,4.0863222122266984,5.7378652168811355,6.59150467399382,5.137481910274964,1.32397230805335,5.569679665193413,8.137442797355966,5.255798490241327,2.9227128720616418,3.140767395470724,0.9680447451793327,6.56314780772089,7.266202526694567,5.620526459889701,3.9455157038369775,3.4067352446513084,5.204951695545039,3.7118160128290376,0.0,0.0,0.0
146,Episquamata,8.46218751226404,6.9286919665633215,4.099132687100193,5.751344138770064,6.542129429771202,5.133236529178603,1.3078372120403439,5.568855225462109,8.150190337898827,5.241160080059652,2.919822612927279,3.146462069777481,0.9605196028413328,6.583336603743966,7.286801930850437,5.627722616851772,3.948039715866724,3.4103842078411364,5.2117263843648205,3.7204191358266945,0.0,0.0,0.0
147,Cichlomorphae,9.61156848178941,7.043056163310165,4.190623505347675,5.555272878992948,7.359540842805825,4.076648315304222,1.4531836730540262,6.184171695482715,8.427040613837809,6.048826157306115,3.4070440737989354,3.9056855302390425,1.3229263130043656,5.390415907680096,5.666195162160237,3.77644580581477,4.2628756347502215,3.274751442498499,3.931126420873742,5.11260138194918,0.0,0.0,0.0
148,Cichliformes,9.61156848178941,7.043056163310165,4.190623505347675,5.555272878992948,7.359540842805825,4.076648315304222,1.4531836730540262,6.184171695482715,8.427040613837809,6.048826157306115,3.4070440737989354,3.9056855302390425,1.3229263130043656,5.390415907680096,5.666195162160237,3.77644580581477,4.2628756347502215,3.274751442498499,3.931126420873742,5.11260138194918,0.0,0.0,0.0
149,Cichlidae,9.61156848178941,7.043056163310165,4.190623505347675,5.555272878992948,7.359540842805825,4.076648315304222,1.4531836730540262,6.184171695482715,8.427040613837809,6.048826157306115,3.4070440737989354,3.9056855302390425,1.3229263130043656,5.390415907680096,5.666195162160237,3.77644580581477,4.2628756347502215,3.274751442498499,3.931126420873742,5.11260138194918,0.0,0.0,0.0
150,Enterobacteriaceae,8.784021427411936,7.791109788431362,1.2323467344840646,6.391699583355879,8.653481954439695,5.456955792435474,2.308451923597208,4.235430983171907,9.333910502678426,6.912504734592284,4.325388236567285,4.403170824089606,1.967561279151561,4.182674097721985,4.083924030084952,6.082598344245441,3.0308154320653644,1.4109085006222608,5.128916184189167,4.283453276337861,0.0006763703262810454,0.0,0.0
151,Mytilus,8.34340991535671,7.042091322623366,3.81182702827201,4.105487418667588,3.8233431220130134,2.0383485921575404,0.5297403120861404,13.502619911326079,7.686992572119537,4.318535152876144,1.140093280359302,13.485345770714574,0.7658202337767029,2.0210744515460357,0.9673518742442564,5.372257730177924,1.1688835147118097,2.890539528991766,13.422007255139057,3.5642310128404446,0.0,0.0,0.0
152,Caniformia,8.077419852331657,6.825002088433932,5.6085696476651306,5.535313811295536,7.825522590429189,3.8003071604367076,1.3333847409378032,6.368759598763647,9.555388480841028,7.132805120197405,3.12815273199288,2.521542999248164,1.2145046556011798,5.169677224503435,5.460772784814194,4.365148214549637,4.407559488237298,3.3665554977220005,3.3151478932521092,4.988465418747068,0.0,0.0,0.0
153,Archaea,6.3046367772608765,6.188333929758192,2.922907826798221,5.614488011860335,6.588364603036655,6.197280302643014,1.2524922038750574,6.619037881498901,7.833188487296151,5.222125658197434,3.3165482337303818,3.6552323500843515,0.8537395838658556,15.181994785542662,5.610653852052554,5.413833648586473,3.4162363887326825,0.9342569398292521,4.066765502786156,2.8078830325647974,0.0,0.0,0.0
154,Peptococcaceae,9.050224238520899,9.690973131483277,0.3059835471915334,7.9043783721297824,8.244333878300175,6.290946237015752,1.31311058108564,4.140332500548506,8.755328761273853,10.532722781737242,2.589890039374444,4.071916749827191,0.8528377201984528,5.803071159458241,3.8987541255877267,5.617169050601705,3.317220244456555,0.6968969918302157,4.714081141080356,2.209828748298453,0.0,0.0,0.0
155,Desulfosporosinus,9.591967237649492,10.2672598720164,0.2784618384830633,8.009632784119512,8.229136904356976,6.274461784060554,1.3460500596379996,4.104364231712903,8.632770513884543,10.40649079125793,2.521576257273342,3.9542488106414146,0.8294897436246298,5.914819702762395,3.322947704503916,5.784205680802914,3.4889363574107586,0.630847585227917,4.560152745842347,1.8521793947309941,0.0,0.0,0.0
156,Caulobacter,8.906078860898138,8.3105147864184,0.7096568090543994,8.940306681270537,6.1176524278933915,3.587075575027382,1.9578313253012047,2.989229645856152,11.46631982475356,14.530850675428988,2.042259948886455,3.1170135085797734,0.32174151150054764,4.693775100401607,3.091913106973348,7.603139832055494,4.262504563709383,0.6457648776925885,1.9144760861628332,4.791894852135816,0.0,0.0,0.0
157,Galliformes,8.596429980874898,8.338392884247595,3.5426975501654474,5.3770377341307185,7.318387419932606,4.582435263046052,1.4457666737500379,6.414498649099906,8.022676907197717,6.551865456422088,2.7822470477520413,2.927203181445615,1.034425184420631,6.205033241249507,6.9700373394857476,4.7645790959594425,3.8219847606326462,3.0547038644849884,4.089129048905619,4.160468716796697,0.0,0.0,0.0
158,Oncorhynchus,8.834202767067362,7.28056248582445,3.8822106297724353,5.81638567576422,7.732920037297447,3.5256167939316048,1.7287870769385851,7.734180086187344,7.4771301126483705,6.34938635619062,2.9346538645699454,4.098939038834707,1.330611627731156,4.849928177213276,6.038154280386079,3.9779743454046015,4.432851994657392,2.923313424560873,4.156901287769966,4.892769839469771,0.0,0.0,0.002520097779793856
159,Clostridioides,8.802789599738098,7.650938194599997,0.39629891276254803,7.1618105691197,7.338206661267812,8.630485724623947,1.452952426900081,2.594680979375226,6.684959594741286,7.286946258421352,1.8158674638592622,3.519091269362648,0.54943398177025,6.700251563657667,5.77864121164085,8.556825818012648,2.1738287644089116,0.45746678842807176,10.156021158915864,2.292503058393783,0.0,0.0,0.0
160,Clostridium,8.382991591972713,6.632599944475292,0.43341496787499006,7.570075156658999,7.44291365907829,8.076738121678433,1.3123909336083128,2.73136947727453,7.169504045371619,7.460265130483065,2.9975906242563655,4.0074462600142775,0.4842299912746887,6.67325196319505,5.7516409534385655,8.212451415880066,2.144765804711668,0.7090554850479892,9.413916871579282,2.393387602125803,0.0,0.0,0.0
161,Lactobacillaceae,5.700862041751167,6.572483244124694,0.4011395192639498,7.137235435696301,10.04557859340999,6.487139042468537,2.7207818573902744,4.052761004666717,6.8290601360935215,9.609495848723048,4.200589353963988,3.278349460557154,1.092928296719147,5.9330548761039505,4.696761383490469,4.161509547338273,4.756197523929578,2.2655402102907254,5.719041227563129,4.339491396455386,0.0,0.0,0.0
162,Myxococcaceae,5.924421843273256,6.398806849831988,3.5794505040340696,7.717740921097555,7.006163411259457,2.136529442417926,1.0637724389498842,6.709672782160249,10.71678855725863,10.479596053979263,2.188639916623241,1.6477691326301414,0.7007960324163088,12.529873677022875,4.161650284810695,5.047528346301055,3.3638209555982823,0.7636879840434134,2.4905212844333433,5.372769581858368,0.0,0.0,0.0
163,Cercopithecinae,9.050432580713231,8.208482802278962,4.193571076879792,5.266933952310614,7.24273756770064,4.018428641766898,1.4595202926074418,6.326229162270521,8.941408173313638,7.016248153618907,3.452205106562566,2.099599071534079,1.3603432510374904,5.749454877963002,5.6840402335232465,4.2955616515439266,3.9354294154884997,3.607652810016178,3.130758950552156,4.960962228318211,0.0,0.0,0.0
164,Hystricomorpha,8.02468680642093,7.369173935805455,5.5678039212794666,5.74108347650403,7.85656876986263,3.8770378781734123,1.4267912313171458,6.173913684660704,9.157271473761051,6.564714383677804,3.0688915269984296,2.5520023005626054,1.187886653050089,5.523562332711493,5.481532823571919,4.518540912409028,4.142487409581253,3.191293255369823,3.5393270854378813,5.035430138844852,0.0,0.0,0.0
165,Desulfitobacterium,8.287218520336465,8.968350557748296,0.31535135789353363,7.821251588523631,8.252926581631623,6.2565978362459065,1.284939114999025,4.308008848664968,9.146534160822469,10.221014906907472,2.6337553707227532,4.162772402385643,0.8539365128460292,5.798699595893036,4.669755182453286,5.528398431984293,3.1716681347202518,0.8458678213860668,4.955521338326957,2.517431735508294,0.0,0.0,0.0
166,Nitriliruptoria,5.900337928444992,8.345581004487833,0.671923331366554,9.288204688086681,8.572654615673443,3.639256915017254,0.9769529224552558,6.520409805288848,10.666380589676196,13.861502976988682,2.6648071662286115,1.7175347315346243,1.077795061595952,9.15553648375619,5.558833521071358,2.2700209193799283,2.657297645228772,1.312020597543314,0.23958947951867546,4.903359616656833,0.0,0.0,0.0
167,Streptomycetales,9.823185414516685,9.958032335741313,0.3742690058479532,8.077055383556932,7.2404540763673895,2.3570691434468523,1.198486412108703,5.980048159614723,10.482284141726867,14.468524251805986,2.147918816649467,3.463364293085655,2.1878224974200204,5.228758169934641,2.1121431028551774,3.021671826625387,2.502923976608187,1.1379428964568283,3.477124183006536,4.760921912624699,0.0,0.0,0.0
168,Streptomycetaceae,9.870191768532017,9.98794437591118,0.37428507345519796,8.10530447459908,7.219356285746327,2.3410339800381292,1.1887406078277447,5.970337557474487,10.472972972972974,14.46254345631939,2.1545923516877874,3.4610855668946954,2.2008523045867445,5.206347426264439,2.0802960636985532,3.0209151059773465,2.50504654031625,1.1410788381742738,3.5059437030391387,4.731131546484243,0.0,0.0,0.0
169,Vibrionales,7.6988185505201905,8.11144418973726,0.6036560277434903,7.034620584259096,6.564979721389526,4.428966084758714,1.3495562217128079,3.9681420090519013,8.090871686357492,7.199200611297243,3.460295068477047,3.547287368482925,1.7010521366014224,12.519249985305354,6.899429847763475,6.399811908540528,3.7970963380943985,1.277258566978193,3.570798800916946,1.7774642920119907,0.0,0.0,0.0
170,Vibrionaceae,7.6988185505201905,8.11144418973726,0.6036560277434903,7.034620584259096,6.564979721389526,4.428966084758714,1.3495562217128079,3.9681420090519013,8.090871686357492,7.199200611297243,3.460295068477047,3.547287368482925,1.7010521366014224,12.519249985305354,6.899429847763475,6.399811908540528,3.7970963380943985,1.277258566978193,3.570798800916946,1.7774642920119907,0.0,0.0,0.0
171,Escherichia,8.429479421599476,6.986167513828004,1.2398138934459295,6.141695577728173,8.548709535719729,5.404799684443608,2.141659719047235,4.319178119032891,9.072246277420685,6.824803449605106,4.677764928417108,4.573774753695686,2.2671651023317105,4.25104662524989,4.3111099158217465,6.412428618813257,3.2245918833875695,1.5741960931967118,5.485481716555056,4.112990703636966,0.000896467023460542,0.0,0.0
172,Euzebyales,5.968843836278995,8.569758771487878,0.702122085407388,9.345236895669172,8.601197073819552,3.72785715725197,0.9999798472420951,6.616553475343101,10.640656173797383,13.748614497894037,2.7173978758993167,1.727091352451583,1.07615727212269,8.97160476411197,5.184498498619536,2.3494085165554908,2.7234437032707928,1.236976280203946,0.24425142580762177,4.848350496765482,0.0,0.0,0.0
173,unclassified Euzebya,5.931384899638868,8.617829847988578,0.6750230956580163,9.490215839422188,8.59578399260939,3.60082304526749,1.029856386999244,6.464684639287814,10.614554463760813,13.923532375913329,2.718988830099941,1.7500209960527422,1.146384479717813,9.011505836902662,5.149281934996221,2.3043167884437725,2.602460737381372,1.337448559670782,0.2488032249937012,4.787100025195263,0.0,0.0,0.0
174,Tissierellia,7.241320063967858,6.6915136856852095,0.29076298851486193,7.376458771129879,6.974346774513302,6.847798792011948,1.4399376181224641,3.5942270330280324,6.043244386291847,7.07974835784994,3.207974835784994,3.840384335804819,0.5835084519514161,6.251073840582583,6.952209137887739,7.5129191282396945,2.9267938093916444,0.9714127116291978,11.356607588914,2.8177576886985714,0.0,0.0,0.0
175,Tissierellales,7.272079503684342,6.70820900891025,0.2904995015604071,7.380331676435626,6.928824196416031,6.873327829372651,1.4278324557827557,3.5620445957843314,5.969285158832658,6.967534625279623,3.193096525995937,3.8593955006834273,0.5803138627869453,6.252590686887442,6.987061124794886,7.606427986612358,2.914244410111301,0.9612518884180452,11.498367653154558,2.7672818084964255,0.0,0.0,0.0
176,Peptoniphilaceae,7.279578151923436,6.698983440248569,0.29237337983627093,7.360889091877902,6.9152359401274675,6.8726774481513,1.426228487201312,3.559689150006574,5.95680486066419,6.949490336108285,3.1991529822084743,3.8614046378376132,0.5833627436733169,6.258520348495229,6.992394832084259,7.6203920917325805,2.9254638183617403,0.9636211394603722,11.514667109551786,2.7690700104493207,0.0,0.0,0.0
177,Finegoldia,7.3390831522114786,6.61792376753938,0.3002910749806078,7.300682758991452,6.900166657706575,6.861382260554348,1.4315666592425906,3.4848356847174116,5.834555745850838,6.962759298655218,3.179168554686,3.8538634635618667,0.5637177724699901,6.248511984762724,6.935111015536799,7.723855092276145,2.995614675094273,0.9799780349750782,11.728632101192716,2.758300244994509,0.0,0.0,0.0
178,Haemosporida,6.531873334446728,3.705061829694228,2.6031644604515054,5.7511055280030785,6.848464604950732,5.646906336908297,1.4883783410907876,6.448731819601066,5.516203518810314,5.35318805957144,3.243608269131625,3.4805071269342203,0.7816754649026627,6.415874583384768,9.278266299730607,9.358321775815622,2.6060689675203497,2.0400531524793597,8.147686923183048,4.754859603389559,0.0,0.0,0.0
179,Plasmodiidae,6.531873334446728,3.705061829694228,2.6031644604515054,5.7511055280030785,6.848464604950732,5.646906336908297,1.4883783410907876,6.448731819601066,5.516203518810314,5.35318805957144,3.243608269131625,3.4805071269342203,0.7816754649026627,6.415874583384768,9.278266299730607,9.358321775815622,2.6060689675203497,2.0400531524793597,8.147686923183048,4.754859603389559,0.0,0.0,0.0
180,Herbiconiux,8.244736397179485,8.050801101950293,0.5678823260300948,10.04982645277427,8.269599896567842,3.5166933534893436,0.7956319804274533,6.620652617131945,10.00407761389969,15.777382171876399,2.843389790052611,2.47441545912938,0.7856865806721102,6.248694666282111,3.637032690528996,2.300370963410874,2.233736785050075,0.9179603974181743,1.821997235178868,4.839431520949985,0.0,0.0,0.0
181,Mus,8.530132686933005,7.267933538951348,3.5283689546946935,6.372048009696005,8.280496739356554,4.265066343466502,1.9170412713343765,6.662385470464269,8.168793697596803,6.311900217979215,3.2918479391467153,2.581380414431852,1.162254321143984,5.260444460524055,5.660223767874748,4.327475330360615,4.752127784661861,2.74192527202178,4.201752878501461,4.716400900860159,0.0,0.0,0.0
182,Homo,8.391561000838193,6.696984288338416,3.2318584702084783,6.197635225509604,8.401191304192748,4.244467034044906,1.7548552779412552,6.481194157615965,8.049150214898436,6.480837479713944,3.4109107770228095,2.63049952740178,1.2426658106397017,5.472152372799743,5.972928147236638,4.512332138462361,4.5704706364917165,2.6886380254311346,4.387851550657179,5.18181656055499,0.0,0.0,0.0
183,Planococcaceae,8.045550306731386,7.568515717083221,0.0649658001466371,7.9926495837548375,8.050190721027572,6.0511002422296265,1.545257960630725,4.073355669194146,8.134646261218201,10.35647662623319,3.1294954013494323,3.7735849056603774,0.6218155156892408,6.194025002552228,6.636720526408598,5.0051508598687695,2.7712554176836908,1.216716628460589,5.823719941716396,2.944806912361136,0.0,0.0,0.0
184,Kineosporiales,7.663928720590283,9.767506612835863,0.31045524154253096,10.009745231797298,8.167896422107754,2.23583460949464,0.6473618265348741,5.916747876931644,11.065014617847696,19.097869970764304,2.082695252679939,2.1063622441876655,0.7448141445078658,5.805373799248225,2.65766392872059,2.104970068216623,2.288737296394264,0.8172072950020882,1.582904079075595,4.926910761520256,0.0,0.0,0.0
185,Kineosporiaceae,7.663928720590283,9.767506612835863,0.31045524154253096,10.009745231797298,8.167896422107754,2.23583460949464,0.6473618265348741,5.916747876931644,11.065014617847696,19.097869970764304,2.082695252679939,2.1063622441876655,0.7448141445078658,5.805373799248225,2.65766392872059,2.104970068216623,2.288737296394264,0.8172072950020882,1.582904079075595,4.926910761520256,0.0,0.0,0.0
186,Lacticaseibacillus,5.684324049434242,6.563320634280428,0.40343970434149784,7.127544377271472,10.060894077623509,6.485394627818379,2.723135803876353,4.048535517161257,6.837431664043559,9.621943788058799,4.20811394952236,3.2748650816962663,1.097211323054261,5.911964436806502,4.700439717493566,4.15331366368407,4.7630216439208946,2.265772618269977,5.715121810075361,4.354211511567244,0.0,0.0,0.0
187,Leifsonia,8.433309809456599,9.188646788990825,0.7983415666901905,8.854534227240649,7.384659491884262,3.8549752999294284,0.9251499647141849,6.677840508115738,10.437985179957657,15.4265172900494,2.9430575158786167,2.9551870148200425,1.1787667607621737,5.225608680310515,2.7511908962597036,3.130513408609739,2.848226887791108,0.9802840508115738,1.9715949188426252,4.0336097388849685,0.0,0.0,0.0
188,Plasmodium,6.531623661250766,3.702229082242063,2.6039592980236232,5.7529629286224635,6.847778462567744,5.646790183384329,1.4878728545015245,6.4530849181978995,5.519710133861288,5.354633331333504,3.243359203849853,3.480248051530142,0.7819331802555054,6.4178152048824915,9.277389023119843,9.357745792632265,2.600323245104509,2.0398256876230576,8.146758367921286,4.753957389095841,0.0,0.0,0.0
189,Plasmodium (Laverania),5.483652405279895,2.576149475027324,2.2423232328227853,5.391664729650199,7.169598567761781,5.609269983827973,0.9831801029668498,7.45842008694319,5.1468588187002045,4.3303445581376945,2.8511233871246926,2.6809956429493425,0.8377802285844284,7.183446174845821,10.419335215948488,10.686396209712118,3.067739526510749,2.347663958140662,8.42033422188812,5.1137234731776795,0.0,0.0,0.0
190,Plasmodium (Plasmodium),7.080330669389518,4.289669526969977,2.599014275335284,6.899287215033283,6.7154947277475605,4.542187837492882,1.8705205490211478,6.899287215033283,6.424489956211833,6.596500873799752,3.088734855773951,3.3746342804406306,0.7999685824808058,6.3710801735817935,8.573448269091053,8.126534058554402,2.4215052918883893,1.8434229387162016,6.7229563885561685,4.760932314882086,0.0,0.0,0.0
191,Microbacterium,7.314905230476477,8.285134830616691,0.7436340419139187,8.533012844587997,7.9245849921129725,3.7669946668669723,1.0453441498284886,6.335912266205964,10.121685570495005,15.600040061093168,2.8293147049250105,2.9920628959162725,1.3733443501339542,5.524675129572598,3.6230251132977793,2.646535967350209,2.863116252284734,1.1980770675279802,1.8478179223315556,5.4307819424622545,0.0,0.0,0.0
192,Mobiluncus,6.800761689822978,7.650751110797659,0.6640806826997673,8.585090626983567,7.458636011002186,3.9069045771916215,1.2940263770364624,5.33803512236406,9.91945835390366,13.250017631708864,2.371958530220749,2.7858100007052684,1.0491572043162423,5.961774455180196,3.8377882784399464,4.803159602228648,3.3432541081881655,1.050003526341773,6.442767473023485,3.4865646378446997,0.0,0.0,0.0
193,Ornithinimicrobiaceae,6.571458309366903,8.03245191649274,0.6047757563805486,9.639709225569305,7.907552575501104,2.8420078116868535,1.3574586270932965,6.254279719743408,10.964299605033224,14.125677222852197,2.2295627975261167,2.701769955134842,1.3295206166083255,7.421650314713471,5.5459689833303205,2.528116046826297,2.999775400307866,1.421551709970583,0.8080110875555336,4.714402318307066,0.0,0.0,0.0
194,Ornithinimicrobium,6.469417769703261,8.213513279695475,0.632407647720391,9.563976122501947,7.989445453758976,2.992473397352712,1.2501081408426336,6.3284021109092485,10.88502465611212,14.143957089713643,2.3012371312397266,2.6247945323989965,1.3599792369582144,7.2480318366640715,5.144908729128818,2.738991262219915,2.995068777575915,1.4966692620468898,0.841768319058742,4.779825244398304,0.0,0.0,0.0
195,Peptostreptococcus,8.127313159880082,5.810302127810847,0.26543324472392177,6.884279795079215,7.374857309881463,7.615801177860024,1.6633026689470753,3.1046209873958706,6.667035323951006,6.530368802113986,3.054062274115124,4.085381027052861,0.5600957455632755,7.02134130686374,6.618846550355293,7.754047659487066,1.9461154713612538,0.7891899151166603,10.970450802027088,3.157154650414147,0.0,0.0,0.0
196,Pseudomonadaceae,8.715479718971798,15.623866693989244,0.06598261636213965,10.692634382365389,6.528476393081754,4.875390033315235,0.4235703707772358,3.8795243336424727,12.236641689042308,10.274908789771779,1.4171122429794003,2.136160797593923,0.31047743387478516,6.147368687903633,3.111112050031301,6.662272520176808,2.2305222767030664,0.5965898888154184,2.923656634069705,1.148252446532603,0.0,0.0,0.0
197,Pseudomonas,8.715479718971798,15.623866693989244,0.06598261636213965,10.692634382365389,6.528476393081754,4.875390033315235,0.4235703707772358,3.8795243336424727,12.236641689042308,10.274908789771779,1.4171122429794003,2.136160797593923,0.31047743387478516,6.147368687903633,3.111112050031301,6.662272520176808,2.2305222767030664,0.5965898888154184,2.923656634069705,1.148252446532603,0.0,0.0,0.0
198,Rathayibacter,9.261350801897448,8.038739552744522,0.6127174158572397,8.790753708305097,9.121112868006927,3.0391160304193963,0.4018899179278669,6.857540847827724,9.47217829982682,15.146638054363375,2.588284014757925,2.834876891800316,1.009901362849183,7.024132218959416,3.5125367065733,2.007567201264965,2.508282508847225,0.4913033657104134,1.4475566598900684,5.8335215721707705,0.0,0.0,0.0
199,Vibrio,7.6976140750585405,8.211505600911334,0.611353711790393,7.052718182393519,6.529333586481869,4.416809062717549,1.3651034744636414,3.9598759572178976,8.02923865578128,7.203341560660718,3.485855325612303,3.5504082020125307,1.7568508322258085,12.323270679070944,6.982469463957977,6.37428010885387,3.850389215872413,1.287893171318271,3.5617998860831594,1.74988924751598,0.0,0.0,0.0
