,Bacteria,Proteobacteria,Betaproteobacteria,Burkholderiales,Firmicutes,Bacilli,Bacillales,Bacillaceae,Bacillus,Eukaryota,Clostridia,Clostridiales,Peptostreptococcaceae,Bacteroidetes,Flavobacteriia,Flavobacteriales,Flavobacteriaceae,Actinobacteria,Propionibacteriales,Propionibacteriaceae,Cutibacterium,Gammaproteobacteria,Metazoa,Ecdysozoa,Arthropoda,Hexapoda,Insecta,Pterygota,Neoptera,Alphaproteobacteria,Holometabola,Pseudomonadales,Crustacea,Multicrustacea,Actinomycetales,Actinomycetaceae,Chordata,Craniata,Vertebrata,Euteleostomi,Archelosauria,Archosauria,Dinosauria,Saurischia,Theropoda,Coelurosauria,Aves,Neognathae,Coriobacteriia,Lepidosauria,Squamata,Bifurcata,Gekkota,Gekkonidae,Lactobacillales,Viridiplantae,Streptophyta,Embryophyta,Tracheophyta,Spermatophyta,Mammalia,Eutheria,Gekkoninae,Cellvibrionales,Micrococcales,Microbacteriaceae,Oceanospirillales,Alteromonadales,Clostridiaceae,Laurasiatheria,Artiodactyla,Euarchontoglires,Glires,Rodentia,Actinopterygii,Neopterygii,Teleostei,Neoteleostei,Acanthomorphata,Ovalentaria,Atherinomorphae,Cyprinodontiformes,Passeriformes,Sar,Carnivora,Feliformia,Felidae,Ostariophysi,Cypriniformes,Galloanserae,Caulobacterales,Caulobacteraceae,Chelicerata,Arachnida,Deltaproteobacteria,Myxococcales,Cystobacterineae,Protacanthopterygii,Salmoniformes,Salmonidae,Salmoninae,Spiralia,Lophotrochozoa,Mollusca,Bivalvia,Autobranchia,Pteriomorphia,Mytiloida,Mytiloidea,Mytilidae,Mytilinae,Alveolata,Apicomplexa,Aconoidasida,Piroplasmida,Babesiidae,Babesia,Cetacea,Whippomorpha,Eupercaria,Odontoceti,Conoidasida,Coccidia,Eucoccidiorida,Eimeriorina,Sarcocystidae,Chiroptera,Microchiroptera,Vespertilionidae,Ruminantia,Pecora,Bovidae,Bovinae,Myomorpha,Muroidea,Muridae,Murinae,Perciformes,Primates,Haplorrhini,Catarrhini,Cercopithecidae,Hominidae,Brevundimonas,Enterobacterales,Unidentata,Episquamata,Cichlomorphae,Cichliformes,Cichlidae,Enterobacteriaceae,Mytilus,Caniformia,Archaea,Peptococcaceae,Desulfosporosinus,Caulobacter,Galliformes,Oncorhynchus,Clostridioides,Clostridium,Lactobacillaceae,Myxococcaceae,Cercopithecinae,Hystricomorpha,Desulfitobacterium,Nitriliruptoria,Streptomycetales,Streptomycetaceae,Vibrionales,Vibrionaceae,Escherichia,Euzebyales,unclassified Euzebya,Tissierellia,Tissierellales,Peptoniphilaceae,Finegoldia,Haemosporida,Plasmodiidae,Herbiconiux,Mus,Homo,Planococcaceae,Kineosporiales,Kineosporiaceae,Lacticaseibacillus,Leifsonia,Plasmodium,Plasmodium (Laverania),Plasmodium (Plasmodium),Microbacterium,Mobiluncus,Ornithinimicrobiaceae,Ornithinimicrobium,Peptostreptococcus,Pseudomonadaceae,Pseudomonas,Rathayibacter,Vibrio,Total_200_stack
nucleophilic - hydrophobic,0.19668075456138542,0.2069162617890826,0.2642229858724704,0.26540284360189575,0.12413793103448276,0.14144271570014144,0.11879895561357702,0.1267427122940431,0.09653725078698845,0.13053875369250245,0.1472205253512523,0.14508928571428573,0.11222780569514237,0.10564663023679417,0.0945100764419736,0.0945100764419736,0.09466152999449642,0.15801024140453548,0.16716716716716717,0.13872832369942195,0.13427561837455831,0.21805128205128205,0.14186986569304993,0.1716453295400664,0.16587254318046457,0.14157228514323783,0.13631522896698617,0.13631522896698617,0.13631522896698617,,0.16687370600414078,0.2549816998779992,0.1743362831858407,0.1472972972972973,0.16383701188455008,0.16383701188455008,0.16200762388818296,0.15072463768115943,0.15072463768115943,0.14819724284199365,0.13953488372093023,0.1403607666290868,0.1486394557823129,0.1486394557823129,0.1486394557823129,0.1486394557823129,0.1486394557823129,0.14101123595505619,0.16262975778546712,0.14042303172737955,0.14042303172737955,0.14042303172737955,0.14620689655172414,0.14403859407305306,,0.14901477832512317,0.15772870662460567,0.15772870662460567,0.15772870662460567,0.13094539048737522,0.15686933154182062,0.14430599826137352,0.14469914040114612,0.10495156081808396,0.1576923076923077,0.154126213592233,0.13214171720395787,0.12777106005642885,0.14474708171206227,0.15858073859522084,0.17028772753963595,0.17317554240631164,0.17065767284991568,0.19511263841160748,0.12543887647622087,0.11585110832287746,0.15026921194322077,0.11490683229813664,0.11490683229813664,0.12041392285983067,0.153184165232358,0.17604208822339135,0.16131498470948014,0.0965818759936407,0.1464088397790055,0.15007112375533427,0.15611814345991562,0.13568904593639575,0.16098081023454158,0.12488350419384903,0.11173184357541899,0.11173184357541899,0.189873417721519,0.12483912483912483,0.12477781727692855,0.1334214002642008,0.17671232876712328,0.1542025148908008,0.17593880389429764,0.17593880389429764,0.17593880389429764,0.16442687747035573,0.16442687747035573,0.20923913043478262,0.24767225325884543,0.24767225325884543,0.24767225325884543,0.09179793590439979,0.09179793590439979,0.09179793590439979,0.09179793590439979,0.1060023407456947,0.09752493535278907,0.08888888888888889,0.1065121412803532,0.11437908496732026,0.11437908496732026,0.1829875518672199,0.17456700091157704,0.13283378746594005,0.18556244464127547,0.1420265780730897,0.1420265780730897,0.1420265780730897,0.1420265780730897,0.1377952755905512,0.16908212560386474,0.1732753938077132,0.18083961248654468,0.15783540022547915,0.15783540022547915,0.15760598503740647,0.1710716001922153,0.1670495569412537,0.1579402855906534,0.15393518518518517,0.16541635408852212,0.10707204230006609,0.1517639902676399,0.1476510067114094,0.14607130494980963,0.14745047093212083,0.149774312679524,0.12941176470588237,0.20418848167539266,0.13261888814467515,0.1328437917222964,0.14849498327759197,0.14849498327759197,0.14849498327759197,0.11672473867595819,0.09497549019607843,0.1422087745839637,0.11823273179838208,0.17980714690867838,0.19282238442822383,0.11135371179039301,0.14858199753390874,0.17895545314900155,0.11638316920322292,0.13225499524262607,0.1092184368737475,0.1799761620977354,0.1512788521522146,0.15296251511487305,0.19098360655737706,0.16603487490523122,0.1586998087954111,,0.11324257425742575,0.11324257425742575,0.12598425196850394,0.17579250720461095,0.15648085963734049,0.07778450363196127,0.08188666885031116,0.07629918894562931,0.08429413271842173,0.08337874659400545,0.08337874659400545,0.17429193899782136,0.166073546856465,0.13496280552603612,0.13746958637469586,,,,0.13787638668779714,0.0969139144558744,0.06176673567977916,0.09916589434661724,0.13273453093812376,0.16612798965740141,0.14777327935222673,0.15654648956356737,0.09148812970469021,0.27512757932105614,0.27512757932105614,0.21656050955414013,0.10387710314557425,0.14974419710899048
hydrophobic - hydrophobic,0.1051437996082878,0.11231780508716777,0.08247422680412371,0.0933284724753919,0.10935960591133005,0.09759547383309759,0.1031331592689295,0.10266159695817491,0.1049317943336831,0.10753973835982557,0.10201588271227856,0.09375,0.10134003350083752,0.100789313904068,0.0778318276580959,0.0778318276580959,0.07760044028618603,0.12728602779809803,0.11011011011011011,0.1106523534269199,0.10954063604240283,0.11466666666666667,0.10418568261833355,0.10573731626363206,0.09976176295413937,0.11125916055962691,0.10489882854100106,0.10489882854100106,0.10489882854100106,,0.11677018633540373,0.12139080927206182,0.17168141592920355,0.1891891891891892,0.10780984719864177,0.10780984719864177,0.09783989834815757,0.11658615136876006,0.11658615136876006,0.09941675503711558,0.10697674418604651,0.12232243517474634,0.12414965986394558,0.12414965986394558,0.12414965986394558,0.12414965986394558,0.12414965986394558,0.12022471910112359,0.11937716262975778,0.0963572267920094,0.0963572267920094,0.0963572267920094,0.11724137931034483,0.11095796002756719,,0.2204433497536946,0.21514195583596216,0.21514195583596216,0.21514195583596216,0.21550205519671167,0.11555256970104132,0.12083454071283686,0.11389684813753581,0.10010764262648009,0.14326923076923076,0.16747572815533981,0.08905202681136291,0.08585247883917775,0.09727626459143969,0.12418537291817523,0.11743981209630065,0.11715976331360947,0.1133220910623946,0.11683848797250859,0.0909671241621449,0.0903387703889586,0.09348996573666177,0.09599096555618294,0.09599096555618294,0.14016933207902163,0.12220309810671257,0.14973694860380413,0.09862385321100918,0.07988871224165342,0.106353591160221,0.0953058321479374,0.10056258790436005,0.12862190812720847,0.08955223880597014,0.12239826032929481,0.07541899441340782,0.07541899441340782,0.10052122114668652,0.08751608751608751,0.04941343761109136,0.10039630118890357,0.1136986301369863,0.16743878226340173,0.16689847009735745,0.16689847009735745,0.16689847009735745,0.13201581027667983,0.13201581027667983,0.08786231884057971,0.15145872129112353,0.15145872129112353,0.15145872129112353,0.07876154263986963,0.07876154263986963,0.07876154263986963,0.07876154263986963,0.08543721785654573,0.07905430365718508,0.067816091954023,0.08609271523178808,0.06753812636165578,0.06753812636165578,0.1012448132780083,0.10027347310847767,0.09059945504087194,0.09964570416297608,0.0909468438538206,0.0909468438538206,0.0909468438538206,0.0909468438538206,0.10192475940507437,0.10013175230566534,0.11135252580119501,0.11463939720129171,0.11273957158962795,0.11273957158962795,0.1087281795511222,0.1114848630466122,0.16672136527732195,0.12635222847252273,0.16396604938271606,0.17216804201050262,0.1024454725710509,0.11161800486618005,0.10706295941195271,0.10661128418137764,0.09353686261773303,0.11612638489946656,0.09411764705882353,0.07795229784758581,0.10984594775619558,0.11081441922563418,0.09297658862876254,0.09297658862876254,0.09297658862876254,0.13588850174216027,0.07475490196078431,0.11422087745839637,0.07529558182949596,0.10550198525241067,0.12226277372262774,0.06331877729257641,0.12762022194821207,0.11904761904761904,0.08146821844225605,0.07992388201712655,0.03006012024048096,0.13587604290822408,0.09513412351840299,0.10640870616686819,0.12049180327868853,0.12585291887793784,0.124282982791587,,0.07116336633663366,0.07116336633663366,0.10866141732283464,0.12536023054755044,0.13633310946944258,0.09654963680387409,0.08909269570913855,0.09191949534394712,0.0878811170894184,0.08283378746594006,0.08283378746594006,0.14596949891067537,0.11862396204033215,0.10361317747077577,0.13260340632603407,,,,0.15847860538827258,0.07958852192744992,0.060041407867494824,0.10240963855421686,0.16467065868263472,0.1092436974789916,0.18421052631578946,0.17647058823529413,0.07411696583671105,0.11271355668959397,0.11271355668959397,0.12526539278131635,0.07607900512070227,0.10922589288314613
hydrophobic - acidic,0.10545304607772395,0.11317519291226065,0.08896525391370752,0.08129784907036092,0.11625615763546798,0.08486562942008487,0.1031331592689295,0.10899873257287707,0.1259181532004197,0.08271205514137009,0.09712889431887599,0.09151785714285714,0.09296482412060302,0.10321797207043108,0.09242529534398888,0.09242529534398888,0.09521188772702256,0.11119239209948793,0.09009009009009009,0.11395540875309662,0.09010600706713781,0.1161025641025641,0.07784587299517538,0.09957325746799431,0.13222156045265038,0.12891405729513658,0.10649627263045794,0.10649627263045794,0.10649627263045794,,0.09151138716356108,0.11773078487189914,0.0584070796460177,0.07027027027027027,0.08106960950764007,0.08106960950764007,0.07369758576874205,0.07665056360708535,0.07665056360708535,0.06707317073170732,0.06976744186046512,0.0842728297632469,0.08299319727891157,0.08299319727891157,0.08299319727891157,0.08299319727891157,0.08299319727891157,0.08623595505617977,0.08996539792387544,0.07168037602820211,0.07168037602820211,0.07168037602820211,0.07103448275862069,0.06960716747070986,,0.04125615763546798,0.04794952681388013,0.04794952681388013,0.04794952681388013,0.0540223135642983,0.0705408128988915,0.07939727615184004,0.0680515759312321,0.11840688912809473,0.15096153846153845,0.12742718446601942,0.11809766996488988,0.13583232567513098,0.10194552529182879,0.07458363504706735,0.07574867880211392,0.07889546351084813,0.07521079258010117,0.06452844597174494,0.07436961378870093,0.07277289836888332,0.06607929515418502,0.0660643704121965,0.0660643704121965,0.062088428974600186,0.06196213425129088,0.05463375151760421,0.08027522935779817,0.08227344992050874,0.07251381215469613,0.07467994310099574,0.07243319268635724,0.06996466431095406,0.07462686567164178,0.08946877912395154,0.11731843575418995,0.11731843575418995,0.04095309009679821,0.04633204633204633,0.12797724848915748,0.12813738441215325,0.0958904109589041,0.06154864328259431,0.06536856745479833,0.06536856745479833,0.06536856745479833,0.026877470355731226,0.026877470355731226,0.02355072463768116,0.015518311607697082,0.015518311607697082,0.015518311607697082,0.013036393264530146,0.013036393264530146,0.013036393264530146,0.013036393264530146,0.06537368333054673,0.08127077946065756,0.06973180076628352,0.0706401766004415,0.08278867102396514,0.08278867102396514,0.09004149377593361,0.08523245214220601,0.06880108991825613,0.10053144375553587,0.07516611295681064,0.07516611295681064,0.07516611295681064,0.07516611295681064,0.08442694663167104,0.10013175230566534,0.08473655621944595,0.08396124865446716,0.08229988726042842,0.08229988726042842,0.07930174563591022,0.07496395963479097,0.0699048244174598,0.08091735179575942,0.0787037037037037,0.07839459864966242,0.058823529411764705,0.08546228710462288,0.08405241291147332,0.08238144686742818,0.09028905488795064,0.09273697168649979,0.047058823529411764,0.054682955206515414,0.06430006697923643,0.06942590120160214,0.05819397993311037,0.05819397993311037,0.05819397993311037,0.08885017421602788,0.014705882352941176,0.07488653555219364,0.1356565028002489,0.07827566647759501,0.06934306569343066,0.15065502183406113,0.07459926017262639,0.047619047619047616,0.08683974932855863,0.08372978116079924,0.052104208416833664,0.06436233611442194,0.08546475358702432,0.07073760580411124,0.08196721311475409,0.16376042456406367,0.08221797323135756,,0.11943069306930693,0.11943069306930693,0.06614173228346457,0.13184438040345822,0.1490933512424446,0.11138014527845036,0.10514248280379954,0.10874136377290478,0.10965923648475531,0.0653950953678474,0.0653950953678474,0.11437908496732026,0.09015421115065243,0.08767268862911796,0.10340632603406326,,,,0.09508716323296355,0.07904710341093665,0.0914423740510697,0.08294717330861909,0.12574850299401197,0.10084033613445378,0.13900134952766532,0.12144212523719165,0.09090909090909091,0.11648546705125361,0.11648546705125361,0.07430997876857749,0.11923920994879297,0.08379122212622198
hydrophobic - basic,0.04453149159880425,0.037439268362389255,0.037418862161130204,0.03645643456069996,0.07881773399014778,0.0876944837340877,0.07702349869451697,0.07351077313054499,0.08499475341028331,0.09945139963426643,0.08368967623701894,0.07738095238095238,0.10887772194304858,0.0546448087431694,0.045170257123002086,0.045170257123002086,0.04953219592735278,0.08119970738844184,0.1061061061061061,0.08175061932287365,0.11484098939929328,0.03076923076923077,0.08984222193245534,0.06827880512091039,0.06581298391899941,0.0709526982011992,0.08839190628328009,0.08839190628328009,0.08839190628328009,,0.07950310559006211,0.026433509556730378,0.08672566371681416,0.09864864864864865,0.0865874363327674,0.0865874363327674,0.08926302414231257,0.08309178743961353,0.08309178743961353,0.0930540827147402,0.07713178294573643,0.08850056369785794,0.07959183673469387,0.07959183673469387,0.07959183673469387,0.07959183673469387,0.07959183673469387,0.08033707865168539,0.04671280276816609,0.0746180963572268,0.0746180963572268,0.0746180963572268,0.07103448275862069,0.07305306685044796,,0.09113300492610837,0.09652996845425868,0.09652996845425868,0.09652996845425868,0.09747504403992954,0.07893852872018811,0.08287452912199363,0.07020057306590258,0.045748116254036596,0.07596153846153846,0.07766990291262135,0.035110118097669965,0.0354695687222894,0.08171206225680934,0.08001448225923244,0.06341749853200235,0.0777120315581854,0.0715008431703204,0.07789232531500573,0.07915735716565592,0.09117524048515266,0.1013215859030837,0.08752117447769622,0.08752117447769622,0.06491063029162747,0.058519793459552494,0.05625252934034804,0.0672782874617737,0.08108108108108109,0.07320441988950276,0.06970128022759602,0.06751054852320675,0.1519434628975265,0.07036247334754797,0.08201304753028892,0.10893854748603352,0.10893854748603352,0.05658972449739389,0.06306306306306306,0.04017063633131888,0.062087186261558784,0.07260273972602739,0.05029781601588352,0.06050069541029207,0.06050069541029207,0.06050069541029207,0.06798418972332015,0.06798418972332015,0.06884057971014493,0.04407200496585972,0.04407200496585972,0.04407200496585972,0.18522542096686584,0.18522542096686584,0.18522542096686584,0.18522542096686584,0.07841498077244607,0.07831547838936091,0.07471264367816093,0.07560706401766004,0.06209150326797386,0.06209150326797386,0.053526970954356844,0.055150410209662715,0.07595367847411444,0.048715677590788306,0.07516611295681064,0.07516611295681064,0.07516611295681064,0.07516611295681064,0.09405074365704287,0.06499780412823891,0.05866376969038566,0.05705059203444564,0.06989853438556934,0.06989853438556934,0.06334164588528678,0.0667948101874099,0.07220216606498195,0.06966681090437041,0.08719135802469136,0.07164291072768192,0.07534699272967614,0.0812043795620438,0.0779801853627357,0.08134302526825891,0.06852874309840858,0.07427164546573656,0.07058823529411765,0.03723094822571262,0.06630944407233758,0.07142857142857142,0.06153846153846154,0.06153846153846154,0.06153846153846154,0.08013937282229965,0.17340686274509803,0.06505295007564296,0.04604853764779091,0.05161656267725468,0.060218978102189784,0.12882096069868995,0.07028360049321825,0.06989247311827956,0.09042076991942703,0.0532825880114177,0.04909819639278557,0.06197854588796186,0.06893325015595758,0.0743651753325272,0.04672131147540984,0.05155420773313116,0.07074569789674952,,0.04702970297029703,0.04702970297029703,0.09133858267716535,0.04899135446685879,0.05104096709200806,0.10774818401937046,0.1136586963642319,0.11565034544908381,0.1083781706379708,0.0653950953678474,0.0653950953678474,0.049019607843137254,0.07987346777382365,0.07226354941551541,0.08759124087591241,,,,0.07290015847860538,0.07579859231185707,0.0841959972394755,0.08850787766450417,0.07385229540918163,0.08791208791208792,0.08029689608636977,0.0635673624288425,0.10770121598147075,0.03217217661415576,0.03217217661415576,0.07430997876857749,0.05047549378200439,0.07454688425283228
nucleophilic - nucleophilic,0.0640140191732811,0.06030294369819949,0.1332569683085147,0.13452424352898287,0.02857142857142857,0.03253182461103253,0.028720626631853787,0.030418250950570342,0.023084994753410283,0.05964270642847095,0.042150274893097125,0.05357142857142857,0.02847571189279732,0.0358227079538555,0.03474635163307853,0.03474635163307853,0.03467253714914695,0.07242136064374542,0.04504504504504504,0.037985136251032205,0.054770318021201414,0.059076923076923075,0.07119572304081366,0.10099573257467995,0.07236450268016677,0.051299133910726186,0.08572949946751864,0.08572949946751864,0.08572949946751864,,0.060455486542443065,0.056323708824725496,0.1079646017699115,0.06891891891891892,0.05135823429541596,0.05135823429541596,0.08513341804320203,0.06666666666666667,0.06666666666666667,0.06680805938494168,0.06434108527131784,0.06567080045095829,0.06802721088435375,0.06802721088435375,0.06802721088435375,0.06802721088435375,0.06802721088435375,0.06376404494382022,0.04844290657439446,0.09048178613396005,0.09048178613396005,0.09048178613396005,0.09172413793103448,0.0833907649896623,,0.019704433497536946,0.022712933753943218,0.022712933753943218,0.022712933753943218,0.01996476805637111,0.09640577762848505,0.07331208345407128,0.083810888252149,0.03336921420882669,0.046153846153846156,0.043689320388349516,0.05075007979572295,0.02257154373236598,0.038910505836575876,0.07458363504706735,0.10687022900763359,0.0796844181459566,0.09780775716694773,0.10080183276059565,0.0877752952441749,0.07695524884985362,0.08272148800783162,0.07509881422924901,0.07509881422924901,0.08231420507996237,0.09236947791164658,0.06313233508700931,0.09288990825688073,0.050079491255961846,0.10497237569060773,0.10312944523470839,0.10618846694796062,0.0685512367491166,0.10607675906183368,0.06430568499534017,0.019553072625698324,0.019553072625698324,0.11317944899478778,0.11840411840411841,0.0714539637397796,0.059445178335535004,0.06575342465753424,0.08934480476505625,0.10083449235048679,0.10083449235048679,0.10083449235048679,0.06719367588932806,0.06719367588932806,0.03894927536231884,0.061452513966480445,0.061452513966480445,0.061452513966480445,0.020640956002172733,0.020640956002172733,0.020640956002172733,0.020640956002172733,0.038956696204648054,0.046545991872922056,0.038314176245210725,0.04083885209713024,0.05119825708061002,0.05119825708061002,0.1045643153526971,0.11075660893345488,0.10592643051771117,0.11071744906997343,0.0776578073089701,0.0776578073089701,0.0776578073089701,0.0776578073089701,0.051618547681539804,0.08168642951251646,0.09940249864204237,0.0968783638320775,0.09695603156708005,0.09695603156708005,0.09226932668329177,0.08073041806823643,0.0781096160157532,0.07312851579402856,0.060570987654320986,0.06376594148537135,0.06543291473892927,0.05687347931873479,0.07126877596676254,0.06818968501211492,0.07080220850925625,0.059909725071809604,0.041176470588235294,0.10413030831879,0.09176155391828533,0.08811748998664887,0.10234113712374582,0.10234113712374582,0.10234113712374582,0.027874564459930314,0.02022058823529412,0.1157337367624811,0.024268823895457373,0.06920022688598979,0.07177615571776155,0.028384279475982533,0.08631319358816276,0.10522273425499232,0.03312444046553268,0.058039961941008564,0.08917835671342686,0.05959475566150179,0.07579538365564567,0.1003627569528416,0.04836065573770492,0.04700530705079606,0.09369024856596558,,0.038366336633663366,0.038366336633663366,0.03464566929133858,0.048270893371757925,0.062458025520483546,0.015738498789346248,0.019980347199475924,0.018323820967257435,0.018959774532410965,0.03651226158038147,0.03651226158038147,0.054466230936819175,0.07315144325820483,0.06801275239107332,0.03527980535279805,,,,0.061806656101426306,0.03789929615592853,0.021739130434782608,0.030583873957367932,0.01996007984031936,0.053005817711700064,0.033063427800269905,0.029411764705882353,0.01910828025477707,0.05768804082538274,0.05768804082538274,0.05307855626326964,0.04754937820043892,0.06508411886340029
nucleophilic - acidic,0.0709205236573549,0.07344955701629037,0.061855670103092786,0.057965730951512945,0.05714285714285714,0.0594059405940594,0.06527415143603134,0.05576679340937896,0.06400839454354669,0.055633703755802504,0.06291997556505803,0.052083333333333336,0.04355108877721943,0.05707346690953248,0.06532314107018763,0.06532314107018763,0.08970831040176115,0.06437454279444038,0.06606606606606606,0.06028075970272502,0.05123674911660778,0.07117948717948717,0.06245925153214239,0.08914177335229967,0.09529481834425253,0.07061958694203864,0.06017039403620873,0.06017039403620873,0.06017039403620873,,0.07370600414078675,0.06547376982513217,0.03716814159292035,0.02702702702702703,0.059422750424448216,0.059422750424448216,0.06416772554002541,0.06151368760064412,0.06151368760064412,0.06097560975609756,0.07054263565891473,0.07046223224351747,0.06836734693877551,0.06836734693877551,0.06836734693877551,0.06836734693877551,0.06836734693877551,0.07162921348314606,0.06401384083044982,0.0681551116333725,0.0681551116333725,0.0681551116333725,0.05862068965517241,0.061337008959338385,,0.02586206896551724,0.025236593059936908,0.025236593059936908,0.025236593059936908,0.028185554903112156,0.053409472623446426,0.05302810779484207,0.06303724928366762,0.08019375672766416,0.04423076923076923,0.0691747572815534,0.1011809766996489,0.062071745264006446,0.05603112840466926,0.055756698044895005,0.06517909571344686,0.05917159763313609,0.0566610455311973,0.053455517373043146,0.07564634535588892,0.06273525721455459,0.06167400881057269,0.06691134952004517,0.06691134952004517,0.06302916274694262,0.058519793459552494,0.04896802913800081,0.0856269113149847,0.049682034976152624,0.06837016574585636,0.06116642958748222,0.05907172995780591,0.05017667844522968,0.06663113006396588,0.06616961789375582,0.03910614525139665,0.03910614525139665,0.06403574087862993,0.0682110682110682,0.14824031283327407,0.09114927344782034,0.07260273972602739,0.048312375909993384,0.0521557719054242,0.0521557719054242,0.0521557719054242,0.018972332015810278,0.018972332015810278,0.016304347826086956,0.009931719428926133,0.009931719428926133,0.009931719428926133,0.010320478001086366,0.010320478001086366,0.010320478001086366,0.010320478001086366,0.038622303962548066,0.05319541928333949,0.04980842911877394,0.06070640176600441,0.0664488017429194,0.0664488017429194,0.07759336099585062,0.08158614402917047,0.06743869209809264,0.07971656333038087,0.06769102990033223,0.06769102990033223,0.06769102990033223,0.06769102990033223,0.06692913385826772,0.07729468599033816,0.07930472569255839,0.0844994617868676,0.0580608793686584,0.0580608793686584,0.05536159600997506,0.056222969726093225,0.05152609123728257,0.0683686715707486,0.04205246913580247,0.04276069017254314,0.05221414408460013,0.06265206812652069,0.05656759348034516,0.05676704742125303,0.06593049691458265,0.05375461633155519,0.03529411764705882,0.05293775450843514,0.08439383791024782,0.08344459279038718,0.07558528428093646,0.07558528428093646,0.07558528428093646,0.027874564459930314,0.01715686274509804,0.06656580937972768,0.0970752955818295,0.057855927396483264,0.04927007299270073,0.04148471615720524,0.06535141800246609,0.054531490015360985,0.05371530886302596,0.056137012369172214,0.2124248496993988,0.07389749702026222,0.06425452276980662,0.05985489721886336,0.06475409836065574,0.09097801364670205,0.06309751434034416,,0.07920792079207921,0.07920792079207921,0.04409448818897638,0.07492795389048991,0.08730691739422432,0.03843825665859564,0.04356370782836554,0.037849203965154704,0.03920061491160646,0.040326975476839236,0.040326975476839236,0.0784313725490196,0.051799130090945035,0.06323060573857599,0.04744525547445255,,,,0.05705229793977813,0.03952355170546833,0.03864734299516908,0.042632066728452274,0.05289421157684631,0.058177117000646414,0.049257759784075573,0.054079696394686905,0.04748118123914302,0.06434435322831152,0.06434435322831152,0.04670912951167728,0.07168983174835405,0.06077866982496675
hydrophobic - amide,0.06968353777961035,0.08488139468419549,0.07980145093547156,0.08166241341596792,0.09261083743842365,0.06082036775106082,0.050913838120104436,0.06717363751584284,0.046169989506820566,0.056829371219580815,0.05803298717165547,0.07291666666666667,0.059463986599664995,0.09107468123861566,0.07366226546212648,0.07366226546212648,0.0682443588332416,0.04023408924652524,0.057057057057057055,0.07597027250206441,0.06007067137809187,0.08533333333333333,0.05815621332637893,0.04362256993835941,0.04318046456223943,0.06095936042638241,0.06443024494142705,0.06443024494142705,0.06443024494142705,,0.05755693581780538,0.08540056933712892,0.046902654867256637,0.03648648648648649,0.0831918505942275,0.0831918505942275,0.04097839898348157,0.05314009661835749,0.05314009661835749,0.05408271474019088,0.0562015503875969,0.05355129650507328,0.05136054421768708,0.05136054421768708,0.05136054421768708,0.05136054421768708,0.05136054421768708,0.05449438202247191,0.06401384083044982,0.043478260869565216,0.043478260869565216,0.043478260869565216,0.05517241379310345,0.052377670572019294,,0.021551724137931036,0.017665615141955835,0.017665615141955835,0.017665615141955835,0.03405754550792719,0.06550218340611354,0.05766444508838018,0.05300859598853868,0.07319698600645856,0.04038461538461539,0.0412621359223301,0.06064474944142994,0.09552599758162031,0.08560311284046693,0.05141202027516292,0.05343511450381679,0.05798816568047337,0.06981450252951096,0.0660557464681176,0.05202681136291095,0.06482643245503973,0.048458149779735685,0.059853190287972896,0.059853190287972896,0.06396989651928504,0.0717154331612163,0.0764872521246459,0.045871559633027525,0.06120826709062003,0.05041436464088398,0.050497866287339974,0.04571026722925457,0.03674911660777385,0.05863539445628998,0.05871388630009319,0.08100558659217877,0.08100558659217877,0.058823529411764705,0.05276705276705277,0.0526128688233203,0.05416116248348745,0.057534246575342465,0.045665122435473195,0.03546592489568846,0.03546592489568846,0.03546592489568846,0.03557312252964427,0.03557312252964427,0.014492753623188406,0.014276846679081317,0.014276846679081317,0.014276846679081317,0.036936447582835416,0.036936447582835416,0.036936447582835416,0.036936447582835416,0.04380538371509781,0.05208718138160325,0.054022988505747126,0.05573951434878587,0.05119825708061002,0.05119825708061002,0.04937759336099585,0.04238833181403829,0.06267029972752043,0.04428697962798937,0.04609634551495016,0.04609634551495016,0.04609634551495016,0.04609634551495016,0.047681539807524057,0.043478260869565216,0.04888647474198805,0.042518837459634015,0.05580608793686584,0.05580608793686584,0.05536159600997506,0.071119654012494,0.059730882835575975,0.05365642578970143,0.06983024691358025,0.06939234808702176,0.09385327164573695,0.06599756690997567,0.06168104825822947,0.060228452751817235,0.06040922377395258,0.057447681575707836,0.11764705882352941,0.08609656777196044,0.044876088412592094,0.043391188251001335,0.048160535117056855,0.048160535117056855,0.048160535117056855,0.06794425087108014,0.04595588235294118,0.049167927382753406,0.056004978220286245,0.08111174134997164,0.07846715328467153,0.0851528384279476,0.05240443896424168,0.04377880184331797,0.08057296329453895,0.08943862987630828,0.03406813627254509,0.060786650774731825,0.05770430442919526,0.056831922611850064,0.09098360655737706,0.02880970432145565,0.0497131931166348,,0.06188118811881188,0.06188118811881188,0.06299212598425197,0.05187319884726225,0.04701141705842848,0.07263922518159806,0.06845725515886014,0.07119255031541004,0.07455803228285934,0.060490463215258854,0.060490463215258854,0.034858387799564274,0.06287069988137604,0.06535600425079703,0.058394160583941604,,,,0.03803486529318542,0.06280454791553872,0.07211870255348517,0.060240963855421686,0.04890219560878244,0.05429864253393665,0.0465587044534413,0.05218216318785579,0.0677475390851187,0.08120701131573109,0.08120701131573109,0.05732484076433121,0.05193855157278712,0.057863875972002446
hydrophobic - aromatic,0.043500670034017114,0.04887110603029437,0.022527682321496753,0.026613197229310975,0.03842364532019704,0.06789250353606789,0.07963446475195822,0.053231939163498096,0.07555089192025184,0.04965536643691096,0.05436774587660354,0.04538690476190476,0.059463986599664995,0.07528840315725562,0.06532314107018763,0.06532314107018763,0.08420473307649973,0.04023408924652524,0.04704704704704705,0.042939719240297276,0.03356890459363958,0.041846153846153845,0.0520276437605946,0.036510194404931244,0.033948779035139966,0.039640239840106596,0.0463258785942492,0.0463258785942492,0.0463258785942492,,0.038923395445134575,0.03558357055713705,0.07876106194690266,0.07837837837837838,0.04074702886247878,0.04074702886247878,0.053367217280813214,0.05829307568438003,0.05829307568438003,0.05328738069989396,0.053875968992248065,0.0496054114994363,0.04931972789115646,0.04931972789115646,0.04931972789115646,0.04931972789115646,0.04931972789115646,0.051685393258426963,0.07439446366782007,0.05699177438307873,0.05699177438307873,0.05699177438307873,0.0496551724137931,0.048242591316333565,,0.11268472906403941,0.10599369085173502,0.10599369085173502,0.10599369085173502,0.0916030534351145,0.04769902586496473,0.049840625905534626,0.04512893982808023,0.05005382131324004,0.06442307692307692,0.06553398058252427,0.052984360038301946,0.06610237807335752,0.05680933852140078,0.05177407675597393,0.05108631826189078,0.05680473372781065,0.045531197301854974,0.053837342497136315,0.03798276412384296,0.051024675867837724,0.05090553108174253,0.056747600225861096,0.056747600225861096,0.049388523047977424,0.051061388410786,0.06434641845406718,0.04625382262996942,0.06597774244833068,0.0393646408839779,0.03698435277382646,0.03867791842475387,0.06219081272084806,0.044243070362473345,0.0521901211556384,0.06424581005586592,0.06424581005586592,0.05212211466865227,0.09009009009009009,0.03768218983291859,0.052840158520475564,0.0410958904109589,0.07677035076108538,0.0890125173852573,0.0890125173852573,0.0890125173852573,0.14466403162055336,0.14466403162055336,0.21105072463768115,0.23587833643699566,0.23587833643699566,0.23587833643699566,0.08636610537751223,0.08636610537751223,0.08636610537751223,0.08636610537751223,0.06955358635679652,0.06871074990764685,0.06551724137931035,0.08278145695364239,0.04357298474945534,0.04357298474945534,0.038174273858921165,0.03555150410209663,0.04189373297002725,0.03631532329495128,0.054817275747508304,0.054817275747508304,0.054817275747508304,0.054817275747508304,0.0542432195975503,0.04216073781291173,0.039652362846279196,0.041442411194833155,0.04735062006764374,0.04735062006764374,0.03690773067331671,0.0422873618452667,0.05021332458155563,0.055387278234530504,0.05439814814814815,0.06339084771192798,0.06609385327164574,0.05018248175182482,0.05337168424416747,0.04222914503288335,0.04287106203312764,0.06032006565449323,0.06470588235294118,0.04013961605584642,0.05492297387809779,0.05540720961281709,0.06488294314381271,0.06488294314381271,0.06488294314381271,0.08536585365853659,0.08272058823529412,0.0453857791225416,0.03671437461107654,0.06466250709018719,0.057177615571776155,0.06331877729257641,0.06041923551171394,0.07526881720430108,0.04028648164726947,0.04376784015223597,0.017034068136272545,0.04529201430274136,0.043044291952588895,0.04897218863361548,0.054098360655737705,0.045489006823351025,0.08795411089866156,,0.06745049504950495,0.06745049504950495,0.08661417322834646,0.06340057636887608,0.04432505036937542,0.0671912832929782,0.07140517523747134,0.06758786422349054,0.06559057135536767,0.06267029972752043,0.06267029972752043,0.07952069716775599,0.05931198102016608,0.07013815090329437,0.058394160583941604,,,,0.0554675118858954,0.06713589604764483,0.04899930986887509,0.06997219647822057,0.08383233532934131,0.04460245636716225,0.07354925775978408,0.07685009487666034,0.06832657788071801,0.03217217661415576,0.03217217661415576,0.07218683651804671,0.06730065837600585,0.057366346629906126
nucleophilic - basic,0.025255128337284816,0.01914832809374107,0.026345933562428408,0.02005103900838498,0.04039408866995074,0.06364922206506365,0.04308093994778068,0.049429657794676805,0.03147953830010493,0.06301870867913911,0.04581551618814905,0.041666666666666664,0.04522613065326633,0.02185792349726776,0.02571230020847811,0.02571230020847811,0.02146395156851954,0.05779078273591807,0.05105105105105105,0.038810900082576386,0.06007067137809187,0.017025641025641025,0.06363280740644152,0.044570886676149835,0.0384157236450268,0.03930712858094604,0.04472843450479233,0.04472843450479233,0.04472843450479233,,0.04886128364389234,0.012606750711671411,0.05486725663716814,0.060810810810810814,0.04796264855687606,0.04796264855687606,0.07210927573062262,0.05410628019323672,0.05410628019323672,0.06601272534464475,0.05930232558139535,0.05496054114994363,0.060884353741496595,0.060884353741496595,0.060884353741496595,0.060884353741496595,0.060884353741496595,0.054775280898876406,0.04325259515570934,0.05346650998824912,0.05346650998824912,0.05346650998824912,0.06551724137931035,0.06340454858718125,,0.0480295566502463,0.05615141955835962,0.05615141955835962,0.05615141955835962,0.03992953611274222,0.05609674168626134,0.05795421616922631,0.06303724928366762,0.021528525296017224,0.03942307692307692,0.03762135922330097,0.023938716884774978,0.014913341394598953,0.04202334630350195,0.05792903692976104,0.0546095126247798,0.046548323471400394,0.06003372681281619,0.056891943489881636,0.06702840727736993,0.07695524884985362,0.07586882036221243,0.06154714850367024,0.06154714850367024,0.05456255879586077,0.05450372920252438,0.03520841764467827,0.05619266055045872,0.04531001589825119,0.06767955801104972,0.07112375533428165,0.06891701828410689,0.04946996466431095,0.05650319829424307,0.051568810189499846,0.025139664804469275,0.025139664804469275,0.0573343261355175,0.04633204633204633,0.029861357980803412,0.026420079260237782,0.03424657534246575,0.04765056254136334,0.04798331015299027,0.04798331015299027,0.04798331015299027,0.039525691699604744,0.039525691699604744,0.03351449275362319,0.035381750465549346,0.035381750465549346,0.035381750465549346,0.06735469853340575,0.06735469853340575,0.06735469853340575,0.06735469853340575,0.041966226383547904,0.05134835611377909,0.05172413793103448,0.045805739514348784,0.06209150326797386,0.06209150326797386,0.053112033195020746,0.059252506836827715,0.06846049046321526,0.050487156775907885,0.06602990033222592,0.06602990033222592,0.06602990033222592,0.06602990033222592,0.05555555555555555,0.05357927097057532,0.05866376969038566,0.04843918191603875,0.06877113866967305,0.06877113866967305,0.07032418952618454,0.06535319557904853,0.05316704955694125,0.05062743401125054,0.047839506172839504,0.03975993998499625,0.046926635822868476,0.058698296836982966,0.05752636625119847,0.06818968501211492,0.06755440077947386,0.054985638079606075,0.0058823529411764705,0.03664921465968586,0.04822505023442733,0.04806408544726302,0.05618729096989967,0.05618729096989967,0.05618729096989967,0.033101045296167246,0.05514705882352941,0.06883509833585477,0.028002489110143122,0.03460011344299489,0.03527980535279805,0.03056768558951965,0.04932182490752158,0.054531490015360985,0.05550581915846016,0.05137963843958135,0.10521042084168336,0.033373063170441,0.06581409856519027,0.0562273276904474,0.022131147540983605,0.029567854435178165,0.04397705544933078,,0.026608910891089108,0.026608910891089108,0.03622047244094488,0.03314121037463977,0.042981867024848894,0.03631961259079903,0.04356370782836554,0.039951937518774405,0.04406866512938765,0.04250681198910082,0.04250681198910082,0.0392156862745098,0.04468169236852511,0.05526036131774708,0.04866180048661801,,,,0.044374009508716325,0.041689225771521385,0.05003450655624569,0.04958294717330862,0.029940119760479042,0.053652230122818355,0.023616734143049933,0.020872865275142316,0.04400694846554719,0.012425116485467052,0.012425116485467052,0.04246284501061571,0.029261155815654718,0.04880156102864798
nucleophilic - aromatic,0.031130811256571488,0.034581308945412975,0.03360061092019855,0.03645643456069996,0.023645320197044337,0.03253182461103253,0.04569190600522193,0.04055766793409379,0.04931794333683106,0.0364326909551273,0.03726328649969456,0.031994047619047616,0.03015075376884422,0.046751669702489375,0.046560111188325225,0.046560111188325225,0.04127682993946065,0.027798098024871983,0.037037037037037035,0.033856317093311314,0.04240282685512368,0.034666666666666665,0.03794497326900508,0.020862968231389285,0.023823704586063133,0.030646235842771485,0.027689030883919063,0.027689030883919063,0.027689030883919063,,0.02774327122153209,0.024400162667751118,0.03893805309734513,0.05,0.0432937181663837,0.0432937181663837,0.033672172808132145,0.040257648953301126,0.040257648953301126,0.039501590668080594,0.04534883720930233,0.04340473506200677,0.0391156462585034,0.0391156462585034,0.0391156462585034,0.0391156462585034,0.0391156462585034,0.040168539325842696,0.07958477508650519,0.05052878965922444,0.05052878965922444,0.05052878965922444,0.044137931034482755,0.048242591316333565,,0.03017241379310345,0.032176656151419555,0.032176656151419555,0.032176656151419555,0.031708749266001174,0.03728585824655694,0.044045204288612,0.04871060171919771,0.02744886975242196,0.041346153846153845,0.032766990291262135,0.044685604851579956,0.039500201531640466,0.045914396887159536,0.04055032585083273,0.04345273047563124,0.04142011834319527,0.040134907251264756,0.035509736540664374,0.03766358123204596,0.034295273943956504,0.040626529613313755,0.04799548277809147,0.04799548277809147,0.04844778927563499,0.05335628227194492,0.09146094698502631,0.040519877675840976,0.0472972972972973,0.04696132596685083,0.051920341394025606,0.04781997187060478,0.040282685512367494,0.03624733475479744,0.048462255358807084,0.03910614525139665,0.03910614525139665,0.0387192851824274,0.05276705276705277,0.02808389619623178,0.02906208718626156,0.03561643835616438,0.04897418927862343,0.0458970792767733,0.0458970792767733,0.0458970792767733,0.10592885375494071,0.10592885375494071,0.14492753623188406,0.09000620732464308,0.09000620732464308,0.09000620732464308,0.1200434546442151,0.1200434546442151,0.1200434546442151,0.1200434546442151,0.06955358635679652,0.04950129294421869,0.04291187739463601,0.0358719646799117,0.020697167755991286,0.020697167755991286,0.03941908713692946,0.04375569735642662,0.0388283378746594,0.0420726306465899,0.04526578073089701,0.04526578073089701,0.04526578073089701,0.04526578073089701,0.044181977252843396,0.04391743522178305,0.046713742531233025,0.04843918191603875,0.044532130777903044,0.044532130777903044,0.04887780548628429,0.03748197981739548,0.03216278306531014,0.044569450454348764,0.029320987654320986,0.02625656414103526,0.03502974223397224,0.037408759124087594,0.0405880472994567,0.04326756663205261,0.03605066580058461,0.04554780467788264,0.03529411764705882,0.055264688772542175,0.043536503683858,0.04606141522029372,0.06020066889632107,0.06020066889632107,0.06020066889632107,0.04355400696864112,0.0900735294117647,0.049167927382753406,0.03360298693217175,0.05615428247305729,0.05656934306569343,0.013100436681222707,0.04130702836004932,0.05145929339477726,0.04118173679498657,0.038058991436726926,0.013026052104208416,0.04052443384982122,0.03618215845290081,0.049576783555018135,0.07049180327868852,0.030326004548900682,0.055449330783938815,,0.055693069306930694,0.055693069306930694,0.048818897637795275,0.03890489913544669,0.041638683680322364,0.035108958837772396,0.033082214215525714,0.029738660258335835,0.033820138355111454,0.041961852861035424,0.041961852861035424,0.044662309368191724,0.03598260181890075,0.04410201912858661,0.052311435523114354,,,,0.058637083993660855,0.0460205739036275,0.032091097308488616,0.03707136237256719,0.03293413173652695,0.0400775694893342,0.03643724696356275,0.04364326375711575,0.04053271569195136,0.023518970490348345,0.023518970490348345,0.040339702760084924,0.04681784930504755,0.04284577075789494
nucleophilic - amide,0.04896402432738893,0.04001143183766791,0.051164566628484155,0.057601166605905946,0.05024630541871921,0.036775106082036775,0.03524804177545692,0.024081115335868188,0.023084994753410283,0.035237023491348995,0.03909590714722053,0.049107142857142856,0.02680067001675042,0.04553734061930783,0.04447533009034051,0.04447533009034051,0.043478260869565216,0.03218727139722019,0.03903903903903904,0.038810900082576386,0.04063604240282685,0.048,0.04303038205763463,0.036036036036036036,0.026801667659321026,0.036309127248501,0.041001064962726305,0.041001064962726305,0.041001064962726305,,0.043064182194616975,0.050427002846685644,0.034513274336283185,0.02027027027027027,0.04371816638370119,0.04371816638370119,0.044155019059720454,0.04315619967793881,0.04315619967793881,0.04480381760339343,0.044186046511627906,0.03551296505073281,0.03979591836734694,0.03979591836734694,0.03979591836734694,0.03979591836734694,0.03979591836734694,0.03735955056179775,0.04152249134948097,0.05992949471210341,0.05992949471210341,0.05992949471210341,0.06206896551724138,0.06064782908339077,,0.011699507389162561,0.010094637223974764,0.010094637223974764,0.010094637223974764,0.012918379330593071,0.053073563990594555,0.04288611996522747,0.06160458452722063,0.041442411194833155,0.025,0.021844660194174758,0.04085541015001596,0.03305118903667876,0.03501945525291829,0.0499637943519189,0.05284791544333529,0.046153846153846156,0.05092748735244519,0.043909889270714014,0.03766358123204596,0.040568799665411964,0.034752814488497305,0.034443817052512704,0.034443817052512704,0.03621825023518344,0.03499713138267355,0.04087414002428167,0.046636085626911315,0.030604133545310015,0.05179558011049724,0.05263157894736842,0.053445850914205346,0.02685512367491166,0.04957356076759062,0.035104069586828206,0.036312849162011177,0.036312849162011177,0.06701414743112435,0.06048906048906049,0.050124422324920016,0.021136063408190225,0.031506849315068496,0.033752481800132364,0.03616133518776078,0.03616133518776078,0.03616133518776078,0.023715415019762844,0.023715415019762844,0.016304347826086956,0.00931098696461825,0.00931098696461825,0.00931098696461825,0.015752308527973928,0.015752308527973928,0.015752308527973928,0.015752308527973928,0.02742016385219863,0.03878832656076838,0.06091954022988506,0.0347682119205298,0.04139433551198257,0.04139433551198257,0.04398340248962656,0.043299908842297175,0.04529972752043597,0.04074402125775022,0.04318936877076412,0.04318936877076412,0.04318936877076412,0.04318936877076412,0.04111986001749781,0.045234958278436536,0.04617055947854427,0.045748116254036596,0.05073280721533258,0.05073280721533258,0.047880299251870324,0.052378664103796255,0.036101083032490974,0.04586758978797058,0.034722222222222224,0.03975993998499625,0.04296100462656973,0.049574209245742094,0.05049536593160754,0.0512287988923503,0.049691458265670674,0.048009848173984404,0.052941176470588235,0.10471204188481675,0.06630944407233758,0.06742323097463285,0.05819397993311037,0.05819397993311037,0.05819397993311037,0.04355400696864112,0.022058823529411766,0.0453857791225416,0.03546981953951462,0.058423142370958595,0.05656934306569343,0.048034934497816595,0.04438964241676942,0.05222734254992319,0.050134288272157566,0.049476688867745006,0.06713426853707415,0.03218116805721097,0.04772301933873986,0.0501813784764208,0.051639344262295085,0.026535253980288095,0.02676864244741874,,0.039603960396039604,0.039603960396039604,0.03464566929133858,0.02377521613832853,0.027535258562793822,0.024818401937046004,0.02522109400589584,0.022829678582156804,0.027671022290545733,0.06103542234332425,0.06103542234332425,0.027233115468409588,0.04191379992091736,0.048884165781083955,0.030413625304136254,,,,0.028526148969889066,0.03789929615592853,0.034851621808143544,0.026413345690454126,0.018962075848303395,0.03878474466709761,0.020917678812415654,0.022770398481973434,0.026635784597568036,0.0488129576214777,0.0488129576214777,0.027600849256900213,0.03511338697878566,0.04081439485870167
acidic - basic,0.02412122461601897,0.016861960560160046,0.021382206949217258,0.023696682464454975,0.04926108374384237,0.04384724186704385,0.04308093994778068,0.036755386565272496,0.046169989506820566,0.04198902799268533,0.04153940134392181,0.033482142857142856,0.04271356783919598,0.029143897996357013,0.048644892286309936,0.048644892286309936,0.026417171161254815,0.03584491587417703,0.037037037037037035,0.03303055326176713,0.0353356890459364,0.012307692307692308,0.03533707132611814,0.031294452347083924,0.038117927337701016,0.04596935376415723,0.038338658146964855,0.038338658146964855,0.038338658146964855,,0.037267080745341616,0.01769011793411956,0.006194690265486726,0.016216216216216217,0.03183361629881155,0.03183361629881155,0.03462515883100381,0.038003220611916265,0.038003220611916265,0.039501590668080594,0.034108527131782945,0.03241262683201804,0.029931972789115645,0.029931972789115645,0.029931972789115645,0.029931972789115645,0.029931972789115645,0.031741573033707865,0.02422145328719723,0.038190364277320796,0.038190364277320796,0.038190364277320796,0.023448275862068966,0.028945554789800137,,0.017857142857142856,0.015772870662460567,0.015772870662460567,0.015772870662460567,0.024075161479741633,0.026536781995297277,0.03129527673138221,0.027936962750716332,0.02583423035522067,0.03173076923076923,0.02669902912621359,0.018193424832428983,0.016928657799274487,0.042801556420233464,0.030774800868935553,0.022313564298297124,0.03076923076923077,0.021922428330522766,0.023291332569683087,0.061283115225023936,0.053534086156419906,0.03524229074889868,0.05110107284020327,0.05110107284020327,0.05174035747883349,0.039586919104991396,0.018615944961554026,0.03784403669724771,0.06120826709062003,0.026933701657458564,0.029871977240398292,0.027426160337552744,0.0480565371024735,0.033582089552238806,0.03758931345138242,0.04748603351955307,0.04748603351955307,0.023827252419955324,0.032175032175032175,0.03732669747600426,0.018494055482166448,0.0273972602739726,0.04765056254136334,0.02573018080667594,0.02573018080667594,0.02573018080667594,0.018972332015810278,0.018972332015810278,0.007246376811594203,0.0006207324643078833,0.0006207324643078833,0.0006207324643078833,0.004888647474198805,0.004888647474198805,0.004888647474198805,0.004888647474198805,0.06102658418324695,0.057258958256372366,0.057088122605363986,0.04525386313465784,0.058823529411764705,0.058823529411764705,0.027385892116182572,0.030537830446672742,0.0340599455040872,0.0283436669619132,0.03571428571428571,0.03571428571428571,0.03571428571428571,0.03571428571428571,0.0389326334208224,0.02854633289415898,0.021184139054861488,0.022066738428417654,0.029312288613303268,0.029312288613303268,0.030922693266832918,0.028351753964440174,0.0508697079094191,0.03028991778450887,0.053626543209876545,0.05701425356339085,0.06212822207534699,0.030717761557177616,0.030680728667305847,0.033229491173416406,0.03247807729782397,0.02708247845711941,0.041176470588235294,0.018033740546829553,0.03014065639651708,0.03337783711615487,0.015384615384615385,0.015384615384615385,0.015384615384615385,0.02264808362369338,0.011029411764705883,0.02193645990922844,0.042937149968886125,0.016449234259784458,0.01338199513381995,0.039301310043668124,0.032675709001233046,0.019969278033794162,0.046553267681289166,0.0390104662226451,0.09318637274549098,0.028605482717520857,0.03618215845290081,0.03143893591293833,0.006557377049180328,0.034874905231235785,0.01338432122370937,,0.03403465346534654,0.03403465346534654,0.025196850393700787,0.03602305475504323,0.02887844190732035,0.06325665859564164,0.06092368162463151,0.0657855211775308,0.05969766846015885,0.06485013623978202,0.06485013623978202,0.029411764705882353,0.026888098062475288,0.022848034006376194,0.0267639902676399,,,,0.03169572107765452,0.06497022198159177,0.09730848861283643,0.061167747914735865,0.03293413173652695,0.03425985778926956,0.024291497975708502,0.022770398481973434,0.06543138390272148,0.01775016640781007,0.01775016640781007,0.021231422505307854,0.038039502560351136,0.034431457445465934
acidic - acidic,0.03649108339346459,0.0348671048871106,0.013745704467353952,0.011666059059423988,0.019704433497536946,0.024045261669024046,0.044386422976501305,0.036755386565272496,0.040923399790136414,0.019834013222675483,0.01832620647525962,0.021577380952380952,0.019262981574539362,0.03460837887067395,0.046560111188325225,0.046560111188325225,0.05448541552008806,0.03438185808339429,0.025025025025025027,0.028901734104046242,0.014134275618374558,0.034666666666666665,0.020732820445951233,0.039355144618302515,0.055687909469922574,0.04163890739506995,0.01597444089456869,0.01597444089456869,0.01597444089456869,,0.03395445134575569,0.03029686864579097,0.0017699115044247787,0.014864864864864866,0.011884550084889643,0.011884550084889643,0.019695044472681066,0.02254428341384863,0.02254428341384863,0.02730646871686108,0.02054263565891473,0.022266065388951522,0.02687074829931973,0.02687074829931973,0.02687074829931973,0.02687074829931973,0.02687074829931973,0.026123595505617977,0.010380622837370242,0.019388954171562868,0.019388954171562868,0.019388954171562868,0.017241379310344827,0.01791867677463818,,0.0067733990147783255,0.008201892744479496,0.008201892744479496,0.008201892744479496,0.014679976512037582,0.018810883439704402,0.023181686467690525,0.017191977077363897,0.10656620021528525,0.022115384615384617,0.019417475728155338,0.07181615065432492,0.07900040306328093,0.0178988326848249,0.021361332367849383,0.012918379330593071,0.014201183431952662,0.009106239460370995,0.011836578846888126,0.038301947015639964,0.03220409870347135,0.017131669114047968,0.03867871259175607,0.03867871259175607,0.02492944496707432,0.026965002868617326,0.014569000404694455,0.02522935779816514,0.03616852146263911,0.022099447513812154,0.021337126600284494,0.02180028129395218,0.01060070671378092,0.027185501066098083,0.022988505747126436,0.0335195530726257,0.0335195530726257,0.016381236038719285,0.019305019305019305,0.04905794525417703,0.10700132100396301,0.056164383561643834,0.021178027796161483,0.011126564673157162,0.011126564673157162,0.011126564673157162,0.010276679841897233,0.010276679841897233,0.0036231884057971015,0.002482929857231533,0.002482929857231533,0.002482929857231533,0.004888647474198805,0.004888647474198805,0.004888647474198805,0.004888647474198805,0.031098478515298445,0.029922423346878464,0.0371647509578544,0.04746136865342163,0.07516339869281045,0.07516339869281045,0.01991701244813278,0.018687329079307202,0.02282016348773842,0.023029229406554472,0.02616279069767442,0.02616279069767442,0.02616279069767442,0.02616279069767442,0.028871391076115485,0.025472112428634168,0.017381857686040194,0.02099031216361679,0.016347237880496055,0.016347237880496055,0.017456359102244388,0.014896684286400768,0.011158516573679028,0.01730852444829078,0.010802469135802469,0.012378094523630907,0.04560475875743556,0.023114355231143552,0.021732182806008308,0.016268605053651783,0.024033777200389735,0.027492819039803038,0.01764705882352941,0.011634671320535195,0.02813127930341594,0.02336448598130841,0.008695652173913044,0.008695652173913044,0.008695652173913044,0.006968641114982578,0.007965686274509803,0.0226928895612708,0.089607965152458,0.013045944412932501,0.011557177615571776,0.019650655021834062,0.02157829839704069,0.009216589861751152,0.017905102954341987,0.019980970504281638,0.023046092184368736,0.057210965435041714,0.025888958203368683,0.015114873035066506,0.00819672131147541,0.04473085670962851,0.0057361376673040155,,0.058787128712871284,0.058787128712871284,0.015748031496062992,0.03818443804034582,0.03022162525184688,0.023002421307506054,0.021945627251883395,0.02613397416641634,0.02177811939533692,0.03760217983651226,0.03760217983651226,0.018518518518518517,0.018979833926453145,0.023379383634431455,0.01824817518248175,,,,0.017432646592709985,0.02490525175961018,0.04485852311939269,0.032900834105653386,0.01996007984031936,0.013574660633484163,0.029689608636977057,0.03320683111954459,0.02026635784597568,0.02285333925005547,0.02285333925005547,0.010615711252653927,0.06217995610826628,0.025539030570144356
acidic - amide,0.032470879290794764,0.029151186053158046,0.022145857197403588,0.01968647466277798,0.04039408866995074,0.02263083451202263,0.020887728459530026,0.030418250950570342,0.030430220356768102,0.02124068082712055,0.031154551007941355,0.033482142857142856,0.04271356783919598,0.03217972070431087,0.04933981931897151,0.04933981931897151,0.04678040726472207,0.015362106803218726,0.021021021021021023,0.03468208092485549,0.028268551236749116,0.029333333333333333,0.022558351805972095,0.01849217638691323,0.032459797498511016,0.03597601598934044,0.027156549520766772,0.027156549520766772,0.027156549520766772,,0.02981366459627329,0.03090687271248475,0.007964601769911504,0.02027027027027027,0.02461799660441426,0.02461799660441426,0.02096569250317662,0.021256038647342997,0.021256038647342997,0.019883351007423118,0.024031007751937984,0.023111612175873732,0.022448979591836733,0.022448979591836733,0.022448979591836733,0.022448979591836733,0.022448979591836733,0.02247191011235955,0.015570934256055362,0.018213866039952998,0.018213866039952998,0.018213866039952998,0.020689655172413793,0.026188835286009647,,0.017857142857142856,0.015141955835962145,0.015141955835962145,0.015141955835962145,0.01996476805637111,0.01948270070540813,0.026948710518690234,0.024355300859598854,0.05543595263724435,0.01730769230769231,0.01699029126213592,0.04245132460900096,0.054816606207174524,0.029571984435797664,0.028240405503258507,0.014679976512037582,0.016962524654832348,0.019561551433389546,0.016418480336006108,0.021704436642195978,0.018402342116269343,0.020558002936857563,0.0189158667419537,0.0189158667419537,0.01975540921919097,0.021227768215720023,0.017806556050182113,0.022935779816513763,0.03815580286168521,0.022790055248618785,0.017780938833570414,0.02180028129395218,0.012014134275618375,0.015458422174840085,0.023609816713264987,0.036312849162011177,0.036312849162011177,0.01712583767684289,0.014157014157014158,0.048346960540348385,0.03830911492734478,0.03424657534246575,0.018530774321641297,0.014603616133518776,0.014603616133518776,0.014603616133518776,0.006324110671936759,0.006324110671936759,0.004528985507246377,0.0037243947858473,0.0037243947858473,0.0037243947858473,0.008147745790331342,0.008147745790331342,0.008147745790331342,0.008147745790331342,0.023741849189098812,0.03768008865903214,0.0421455938697318,0.04083885209713024,0.037037037037037035,0.037037037037037035,0.01784232365145228,0.01731996353691887,0.020435967302452316,0.013728963684676704,0.028654485049833887,0.028654485049833887,0.028654485049833887,0.028654485049833887,0.024496937882764653,0.018006148440931048,0.022270505160239002,0.017222820236813777,0.018602029312288614,0.018602029312288614,0.02743142144638404,0.023546371936568958,0.019035116508040694,0.016875811337083515,0.02353395061728395,0.020255063765941484,0.019167217448777262,0.02281021897810219,0.024928092042186004,0.027691242644513673,0.027606365703150372,0.025851456709068528,0.041176470588235294,0.019197207678883072,0.01942397856664434,0.020026702269692925,0.015384615384615385,0.015384615384615385,0.015384615384615385,0.024390243902439025,0.011642156862745098,0.0264750378214826,0.03546981953951462,0.027793533749290982,0.023114355231143552,0.015283842794759825,0.03020961775585697,0.01228878648233487,0.03133393017009848,0.04091341579448145,0.013026052104208416,0.03098927294398093,0.02776044915782907,0.016928657799274487,0.018852459016393444,0.032600454890068235,0.017208413001912046,,0.04641089108910891,0.04641089108910891,0.02204724409448819,0.02089337175792507,0.019476158495634655,0.03026634382566586,0.03242712086472322,0.03394412736557525,0.033820138355111454,0.0326975476839237,0.0326975476839237,0.018518518518518517,0.018979833926453145,0.022316684378320937,0.0340632603406326,,,,0.025356576862123614,0.040606388738494856,0.046583850931677016,0.033827618164967564,0.018962075848303395,0.02262443438914027,0.018893387314439947,0.022770398481973434,0.03647944412275622,0.03439094741513202,0.03439094741513202,0.01910828025477707,0.04242867593269934,0.025005096642040987
aromatic - basic,0.014431501907019894,0.009717062017719349,0.007254677357770141,0.005468465184104995,0.024630541871921183,0.03253182461103253,0.02741514360313316,0.022813688212927757,0.02938090241343127,0.02461668307778872,0.020158827122785584,0.018601190476190476,0.03936348408710218,0.0273224043715847,0.022237665045170257,0.022237665045170257,0.026967528893780957,0.014630577907827359,0.01901901901901902,0.021469859620148638,0.024734982332155476,0.00841025641025641,0.021254400834528623,0.017543859649122806,0.01846337105419893,0.017321785476349102,0.02023429179978701,0.02023429179978701,0.02023429179978701,,0.020289855072463767,0.008743391622610817,0.016814159292035398,0.025675675675675677,0.019949066213921902,0.019949066213921902,0.018742058449809404,0.01964573268921095,0.01964573268921095,0.022269353128313893,0.02558139534883721,0.022266065388951522,0.017006802721088437,0.017006802721088437,0.017006802721088437,0.017006802721088437,0.017006802721088437,0.023314606741573034,0.015570934256055362,0.022914218566392478,0.022914218566392478,0.022914218566392478,0.019310344827586208,0.016540317022742935,,0.06096059113300493,0.061198738170347,0.061198738170347,0.061198738170347,0.0540223135642983,0.017803157541148806,0.02578962619530571,0.019340974212034383,0.012917115177610334,0.016346153846153847,0.013349514563106795,0.014682413022661985,0.01007658202337767,0.0311284046692607,0.017378711078928313,0.020551967116852612,0.021301775147928994,0.0178752107925801,0.01794578083237877,0.01883179061602298,0.020493517356754497,0.017131669114047968,0.023715415019762844,0.023715415019762844,0.02398871119473189,0.020654044750430294,0.017401861594496155,0.013379204892966361,0.028616852146263912,0.016574585635359115,0.023470839260312945,0.023206751054852322,0.019081272084805655,0.021321961620469083,0.02516309412861137,0.0223463687150838,0.0223463687150838,0.01563663440059568,0.023166023166023165,0.01670814077497334,0.019815059445178335,0.019178082191780823,0.017207147584381206,0.022253129346314324,0.022253129346314324,0.022253129346314324,0.028458498023715414,0.028458498023715414,0.026268115942028984,0.031036623215394164,0.031036623215394164,0.031036623215394164,0.09234111895708853,0.09234111895708853,0.09234111895708853,0.09234111895708853,0.028423340578498577,0.03250831178426302,0.030268199233716476,0.03421633554083885,0.03376906318082789,0.03376906318082789,0.018257261410788383,0.018687329079307202,0.021457765667574933,0.017271922054915855,0.02782392026578073,0.02782392026578073,0.02782392026578073,0.02782392026578073,0.024496937882764653,0.023715415019762844,0.01955458989679522,0.021528525296017224,0.020293122886133032,0.020293122886133032,0.020947630922693267,0.022585295530994715,0.014768624876928127,0.021635655560363478,0.018132716049382717,0.01350337584396099,0.017184401850627893,0.022201946472019465,0.02237136465324385,0.02249913464866736,0.027931146476128613,0.018465326220763235,0.023529411764705882,0.01687027341477603,0.022103148024112524,0.022029372496662217,0.0274247491638796,0.0274247491638796,0.0274247491638796,0.027874564459930314,0.08272058823529412,0.01739788199697428,0.019290603609209707,0.017016449234259785,0.014598540145985401,0.019650655021834062,0.017879161528976572,0.02227342549923195,0.03222918531781558,0.030447193149381543,0.013026052104208416,0.01907032181168057,0.026512788521522147,0.02418379685610641,0.01721311475409836,0.009855951478392721,0.02676864244741874,,0.028465346534653466,0.028465346534653466,0.050393700787401574,0.012968299711815562,0.011417058428475487,0.04418886198547216,0.03996069439895185,0.042355061580054074,0.043812451960030745,0.02997275204359673,0.02997275204359673,0.016339869281045753,0.026888098062475288,0.019659936238044632,0.025547445255474453,,,,0.022187004754358162,0.027612344342176503,0.031055900621118012,0.028730305838739572,0.031936127744510975,0.02197802197802198,0.018893387314439947,0.019924098671726755,0.04632310364794441,0.006212558242733526,0.006212558242733526,0.029723991507430998,0.026335040234089245,0.023825588055412635
aromatic - acidic,0.02618286774559324,0.02572163475278651,0.013363879343260786,0.011301494713816989,0.0187192118226601,0.028288543140028287,0.03524804177545692,0.057034220532319393,0.04931794333683106,0.023772682515121678,0.032376298106292,0.026041666666666668,0.035175879396984924,0.033394049787492414,0.04586518415566365,0.04586518415566365,0.0379746835443038,0.020482809070958303,0.024024024024024024,0.03633360858794385,0.028268551236749116,0.025846153846153845,0.01799452340591994,0.015647226173541962,0.015783204288266826,0.014323784143904063,0.021299254526091587,0.021299254526091587,0.021299254526091587,,0.015734989648033125,0.021553477023180154,0.01415929203539823,0.025675675675675677,0.01867572156196944,0.01867572156196944,0.015565438373570521,0.019001610305958132,0.019001610305958132,0.017762460233297986,0.024031007751937984,0.020293122886133032,0.02074829931972789,0.02074829931972789,0.02074829931972789,0.02074829931972789,0.02074829931972789,0.022752808988764046,0.01384083044982699,0.025851938895417155,0.025851938895417155,0.025851938895417155,0.01793103448275862,0.02067539627842867,,0.019088669950738917,0.01829652996845426,0.01829652996845426,0.01829652996845426,0.02524955960070464,0.016795431642593214,0.02086351782092147,0.02005730659025788,0.042518837459634015,0.025,0.02669902912621359,0.04436642195978296,0.0471584038694075,0.01556420233463035,0.022447501810282405,0.0182031708749266,0.01854043392504931,0.01888701517706577,0.012600229095074456,0.015959144589849983,0.015056461731493099,0.016152716593245228,0.01948051948051948,0.01948051948051948,0.024459078080903106,0.011474469305794608,0.0113314447592068,0.020259938837920488,0.03259141494435612,0.018646408839779006,0.022048364153627313,0.02390998593530239,0.014840989399293287,0.02185501066098081,0.02920161540851196,0.01675977653631285,0.01675977653631285,0.02531645569620253,0.014157014157014158,0.022751510842516885,0.01453104359313078,0.019178082191780823,0.01588352084712111,0.01321279554937413,0.01321279554937413,0.01321279554937413,0.014229249011857707,0.014229249011857707,0.006340579710144928,0.0074487895716946,0.0074487895716946,0.0074487895716946,0.004888647474198805,0.004888647474198805,0.004888647474198805,0.004888647474198805,0.023909045310148806,0.027705947543405985,0.026436781609195402,0.04690949227373068,0.04030501089324619,0.04030501089324619,0.018257261410788383,0.01959890610756609,0.01634877384196185,0.021700620017714792,0.022009966777408636,0.022009966777408636,0.022009966777408636,0.022009966777408636,0.023184601924759404,0.027228809837505488,0.022813688212927757,0.021528525296017224,0.018602029312288614,0.018602029312288614,0.017955112219451373,0.016338298894762134,0.01279947489333771,0.023366508005192556,0.016589506172839507,0.014628657164291074,0.021150033046926635,0.01916058394160584,0.017897091722595078,0.021460713049498096,0.0220850925625203,0.01887566680344686,0.07058823529411765,0.01687027341477603,0.030810448760884127,0.0260347129506008,0.024080267558528427,0.024080267558528427,0.024080267558528427,0.0313588850174216,0.007965686274509803,0.018910741301059002,0.037958929682638455,0.02098695405558707,0.022506082725060828,0.024017467248908297,0.01911220715166461,0.020737327188940093,0.03491495076096687,0.03330161750713606,0.00501002004008016,0.023837902264600714,0.020898315658140987,0.018137847642079808,0.027868852459016394,0.03866565579984837,0.019120458891013385,,0.04888613861386139,0.04888613861386139,0.028346456692913385,0.037463976945244955,0.03022162525184688,0.044794188861985475,0.04356370782836554,0.04505857614899369,0.04201895977453241,0.02670299727520436,0.02670299727520436,0.026143790849673203,0.02332937920126532,0.01647183846971307,0.038929440389294405,,,,0.03486529318541997,0.02598808879263671,0.029675638371290544,0.025023169601482854,0.036926147704590816,0.01680672268907563,0.03171390013495277,0.03510436432637571,0.04111175448755067,0.020412691368981585,0.020412691368981585,0.03821656050955414,0.04754937820043892,0.02299799046685241
amide - basic,0.015565405628285744,0.010574449842812233,0.011454753722794959,0.008384979948960992,0.026600985221674877,0.0297029702970297,0.020887728459530026,0.025348542458808618,0.022035676810073453,0.033830355886903925,0.02687843616371411,0.03720238095238095,0.03350083752093802,0.020036429872495445,0.022237665045170257,0.022237665045170257,0.023115024766097964,0.015362106803218726,0.011011011011011011,0.016515276630883566,0.024734982332155476,0.011076923076923076,0.027513365497457296,0.013276434329065908,0.014592019058963668,0.019986675549633577,0.01703940362087327,0.01703940362087327,0.01703940362087327,,0.019461697722567287,0.0073200488003253355,0.01415929203539823,0.0013513513513513514,0.027589134125636672,0.027589134125636672,0.022236340533672173,0.025442834138486314,0.025442834138486314,0.026246023329798515,0.02945736434108527,0.022266065388951522,0.022108843537414966,0.022108843537414966,0.022108843537414966,0.022108843537414966,0.022108843537414966,0.02050561797752809,0.020761245674740483,0.0199764982373678,0.0199764982373678,0.0199764982373678,0.020689655172413793,0.02343211578221916,,0.01600985221674877,0.0138801261829653,0.0138801261829653,0.0138801261829653,0.012331180270111567,0.021498152502519314,0.01999420457838308,0.025787965616045846,0.013455328310010764,0.009615384615384616,0.014563106796116505,0.012128949888285988,0.015316404675534058,0.01634241245136187,0.019188993482983346,0.017615971814445096,0.020907297830374753,0.024283305227655986,0.01794578083237877,0.024577082668368975,0.022166457549142617,0.022026431718061675,0.0189158667419537,0.0189158667419537,0.016933207902163686,0.01663798049340218,0.014164305949008499,0.014143730886850153,0.028616852146263912,0.015883977900552487,0.016358463726884778,0.01828410689170183,0.014134275618374558,0.020788912579957356,0.01863932898415657,0.0335195530726257,0.0335195530726257,0.02084884586746091,0.028314028314028315,0.028794880910060435,0.010568031704095112,0.01643835616438356,0.01588352084712111,0.01321279554937413,0.01321279554937413,0.01321279554937413,0.011067193675889328,0.011067193675889328,0.005434782608695652,0.00558659217877095,0.00558659217877095,0.00558659217877095,0.021727322107550243,0.021727322107550243,0.021727322107550243,0.021727322107550243,0.025915398762748704,0.03176948651643886,0.03218390804597701,0.02759381898454746,0.03159041394335512,0.03159041394335512,0.01784232365145228,0.016864175022789425,0.028950953678474115,0.015943312666076175,0.02117940199335548,0.02117940199335548,0.02117940199335548,0.02117940199335548,0.020559930008748905,0.016249451032059728,0.013579576317218903,0.014531754574811625,0.019165727170236752,0.019165727170236752,0.023940149625935162,0.022585295530994715,0.022645224811289794,0.01730852444829078,0.023148148148148147,0.019879969992498126,0.021810971579643092,0.02645985401459854,0.02109300095877277,0.023883696780893044,0.023059434881455017,0.02051702913418137,0.01764705882352941,0.02501454333915067,0.016744809109176157,0.014686248331108143,0.02274247491638796,0.02274247491638796,0.02274247491638796,0.041811846689895474,0.027573529411764705,0.012859304084720122,0.019290603609209707,0.013045944412932501,0.016423357664233577,0.039301310043668124,0.018495684340320593,0.02227342549923195,0.02775290957923008,0.0390104662226451,0.02004008016032064,0.014302741358760428,0.023393636930754833,0.016928657799274487,0.01721311475409836,0.0075815011372251705,0.021032504780114723,,0.012376237623762377,0.012376237623762377,0.03622047244094488,0.010086455331412104,0.010745466756212223,0.031476997578692496,0.03242712086472322,0.0321417843196155,0.0312580066615424,0.029427792915531336,0.029427792915531336,0.007625272331154684,0.02095689996045868,0.021253985122210415,0.015815085158150853,,,,0.012678288431061807,0.033567948023822416,0.044513457556935816,0.037534754402224285,0.008982035928143712,0.03232062055591468,0.008097165991902834,0.009487666034155597,0.04226983207874928,0.009984468604393166,0.009984468604393166,0.012738853503184714,0.010241404535479151,0.020825850168431883
basic - basic,0.005978765075765385,0.004286939125464418,0.004963726613211149,0.004374772147283996,0.024630541871921183,0.02263083451202263,0.01174934725848564,0.011406844106463879,0.015739769150052464,0.028555352370234915,0.018937080024434942,0.01488095238095238,0.03350083752093802,0.009107468123861567,0.01389854065323141,0.01389854065323141,0.0049532195927352776,0.02267739575713241,0.011011011011011011,0.011560693641618497,0.022968197879858657,0.0034871794871794873,0.024123092971704264,0.021337126600284494,0.013103037522334724,0.01765489673550966,0.01703940362087327,0.01703940362087327,0.01703940362087327,,0.013664596273291925,0.0020333468889792597,0.021238938053097345,0.024324324324324326,0.014855687606112054,0.014855687606112054,0.027001270648030495,0.021900161030595812,0.021900161030595812,0.029692470837751856,0.02558139534883721,0.014937993235625705,0.017346938775510204,0.017346938775510204,0.017346938775510204,0.017346938775510204,0.017346938775510204,0.016292134831460674,0.0017301038062283738,0.022326674500587545,0.022326674500587545,0.022326674500587545,0.023448275862068966,0.025499655410062026,,0.025246305418719212,0.02145110410094637,0.02145110410094637,0.02145110410094637,0.024662360540223135,0.01645952300974135,0.016227180527383367,0.02363896848137536,0.004843918191603875,0.019230769230769232,0.00849514563106796,0.004149377593360996,0.0024183796856106408,0.014785992217898832,0.014844315713251267,0.015267175572519083,0.014201183431952662,0.014839797639123103,0.010691103474608629,0.03159910628790297,0.033877038895859475,0.03524229074889868,0.03274985883681536,0.03274985883681536,0.03057384760112888,0.024096385542168676,0.014569000404694455,0.019877675840978593,0.03179650238473768,0.018646408839779006,0.017069701280227598,0.01828410689170183,0.04169611307420495,0.018656716417910446,0.01615408511960236,0.019553072625698324,0.019553072625698324,0.01712583767684289,0.015444015444015444,0.005332385353714895,0.011889035667107,0.015068493150684932,0.013236267372600927,0.004867872044506259,0.004867872044506259,0.004867872044506259,0.011857707509881422,0.011857707509881422,0.03894927536231884,0.008069522036002483,0.008069522036002483,0.008069522036002483,0.12221618685497013,0.12221618685497013,0.12221618685497013,0.12221618685497013,0.027754556094298614,0.03731067602512006,0.028735632183908046,0.02041942604856512,0.03159041394335512,0.03159041394335512,0.018257261410788383,0.015952597994530537,0.031335149863760216,0.016386182462356066,0.01910299003322259,0.01910299003322259,0.01910299003322259,0.01910299003322259,0.023622047244094488,0.014053579270970576,0.012493210211841391,0.013455328310010764,0.016347237880496055,0.016347237880496055,0.018952618453865335,0.015377222489187891,0.01017394158188382,0.012548680225010819,0.009259259259259259,0.006001500375093774,0.025776602775941838,0.016423357664233577,0.02205177372962608,0.018691588785046728,0.021760311789542058,0.016413623307345096,0.0058823529411764705,0.004653868528214078,0.012726054922973878,0.014686248331108143,0.018060200668896322,0.018060200668896322,0.018060200668896322,0.01916376306620209,0.1403186274509804,0.01739788199697428,0.014934660858743,0.01191151446398185,0.0072992700729927005,0.019650655021834062,0.012330456226880395,0.01228878648233487,0.021486123545210387,0.013320647002854425,0.03406813627254509,0.013110846245530394,0.020274485339987523,0.015719467956469165,0.006557377049180328,0.006065200909780136,0.011472275334608031,,0.0037128712871287127,0.0037128712871287127,0.01889763779527559,0.00792507204610951,0.008730691739422432,0.025726392251815982,0.02522109400589584,0.02493241213577651,0.023571611580835254,0.03596730245231607,0.03596730245231607,0.006535947712418301,0.011466982997232108,0.019659936238044632,0.012165450121654502,,,,0.009508716323296355,0.034650785056848946,0.05452035886818495,0.0458758109360519,0.016966067864271458,0.0200387847446671,0.011470985155195682,0.012333965844402278,0.024898668210770122,0.002218770800976259,0.002218770800976259,0.006369426751592357,0.005120702267739576,0.020313758991932742
aromatic - amide,0.020616431295742706,0.01771934838525293,0.014891179839633447,0.016405395552314985,0.0187192118226601,0.016973125884016973,0.020887728459530026,0.020278833967046894,0.023084994753410283,0.013363342242228161,0.01832620647525962,0.02976190476190476,0.02512562814070352,0.03825136612021858,0.03961084086170952,0.03961084086170952,0.03302146395156852,0.019751280175566936,0.02002002002002002,0.023947151114781174,0.019434628975265017,0.019692307692307693,0.01343069500586778,0.012802275960170697,0.007444907683144729,0.012658227848101266,0.013312034078807242,0.013312034078807242,0.013312034078807242,,0.012422360248447204,0.017486783245221633,0.008849557522123894,0.008108108108108109,0.023769100169779286,0.023769100169779286,0.011435832274459974,0.01352657004830918,0.01352657004830918,0.010869565217391304,0.012015503875968992,0.015501691093573845,0.013945578231292517,0.013945578231292517,0.013945578231292517,0.013945578231292517,0.013945578231292517,0.019101123595505618,0.03460207612456748,0.012925969447708578,0.012925969447708578,0.012925969447708578,0.006896551724137931,0.005513439007580979,,0.01293103448275862,0.006309148264984227,0.006309148264984227,0.006309148264984227,0.02172636523781562,0.014444071212630165,0.012460156476383656,0.0057306590257879654,0.015608180839612486,0.015384615384615385,0.014563106796116505,0.018193424832428983,0.029826682789197905,0.026459143968871595,0.011947863866763215,0.009395184967704051,0.0126232741617357,0.008768971332209106,0.009163802978235968,0.01021385253750399,0.010455876202425763,0.011257953989231522,0.01355166572557877,0.01355166572557877,0.011759172154280339,0.012621916236374068,0.017401861594496155,0.0095565749235474,0.02344992050874404,0.012430939226519336,0.013513513513513514,0.009845288326300985,0.0077738515901060075,0.01279317697228145,0.016464740602671637,0.025139664804469275,0.025139664804469275,0.008935219657483246,0.011583011583011582,0.012797724848915748,0.005284015852047556,0.0027397260273972603,0.013236267372600927,0.0076495132127955496,0.0076495132127955496,0.0076495132127955496,0.016600790513833993,0.016600790513833993,0.015398550724637682,0.008069522036002483,0.008069522036002483,0.008069522036002483,0.0076045627376425855,0.0076045627376425855,0.0076045627376425855,0.0076045627376425855,0.019561946162849023,0.01994828223125231,0.022988505747126436,0.016556291390728478,0.010893246187363835,0.010893246187363835,0.013692946058091286,0.015952597994530537,0.008174386920980926,0.010186005314437556,0.01287375415282392,0.01287375415282392,0.01287375415282392,0.01287375415282392,0.01399825021872266,0.010540184453227932,0.010320478001086366,0.011302475780409042,0.005636978579481398,0.005636978579481398,0.008977556109725686,0.011052378664103796,0.010830324909747292,0.015144958892254435,0.008487654320987654,0.012003000750187547,0.01520158625247852,0.012165450121654502,0.014381591562799617,0.014191761855313257,0.013316011692107827,0.014772260976610586,0.029411764705882353,0.013961605584642234,0.017414601473543203,0.017356475300400534,0.017391304347826087,0.017391304347826087,0.017391304347826087,0.0313588850174216,0.009191176470588236,0.009833585476550681,0.031736154324828875,0.021554169030062395,0.019464720194647202,0.028384279475982533,0.014180024660912454,0.013824884792626729,0.03222918531781558,0.021883920076117985,0.01002004008016032,0.009535160905840286,0.013100436681222707,0.017533252720677146,0.027049180327868853,0.012130401819560273,0.009560229445506692,,0.023514851485148515,0.023514851485148515,0.023622047244094488,0.010086455331412104,0.006715916722632639,0.023002421307506054,0.022273173927284638,0.025533193151096426,0.02434025108890597,0.026158038147138966,0.026158038147138966,0.016339869281045753,0.013444049031237644,0.023910733262486716,0.014598540145985401,,,,0.009508716323296355,0.026529507309149974,0.024154589371980676,0.019925857275254866,0.029940119760479042,0.01616031027795734,0.012145748987854251,0.012333965844402278,0.024898668210770122,0.016640781007321942,0.016640781007321942,0.014861995753715499,0.03438185808339429,0.015476802997796309
aromatic - aromatic,0.007318833109988661,0.00685910260074307,0.0030546009927453228,0.002916514764855997,0.003940886699507389,0.011315417256011316,0.01174934725848564,0.019011406844106463,0.012591815320041973,0.005697003798002532,0.010384850335980453,0.014136904761904762,0.006700167504187605,0.018822100789313904,0.02571230020847811,0.02571230020847811,0.02806824435883324,0.0043891733723482075,0.009009009009009009,0.010734929810074319,0.00530035335689046,0.005333333333333333,0.005606989177206937,0.003793266951161688,0.003275759380583681,0.0036642238507661557,0.006922257720979766,0.006922257720979766,0.006922257720979766,,0.004554865424430642,0.0022366815778771857,0.010619469026548672,0.014864864864864866,0.005942275042444821,0.005942275042444821,0.00698856416772554,0.007085346215780998,0.007085346215780998,0.007953340402969246,0.007751937984496124,0.009019165727170236,0.008843537414965987,0.008843537414965987,0.008843537414965987,0.008843537414965987,0.008843537414965987,0.007303370786516854,0.006920415224913495,0.006462984723854289,0.006462984723854289,0.006462984723854289,0.005517241379310344,0.004824259131633356,,0.04495073891625616,0.045425867507886436,0.045425867507886436,0.045425867507886436,0.037580739870816206,0.006718172657037286,0.007823819182845552,0.00501432664756447,0.013455328310010764,0.007692307692307693,0.010922330097087379,0.013405681455473986,0.011688835147118097,0.0062256809338521405,0.00724112961622013,0.0064591896652965355,0.007100591715976331,0.005396290050590219,0.006872852233676976,0.0047877433769549956,0.005018820577164366,0.00881057268722467,0.007622811970638058,0.007622811970638058,0.004703668861712135,0.005737234652897304,0.008093889113719142,0.0061162079510703364,0.014705882352941176,0.009668508287292817,0.011379800853485065,0.008438818565400843,0.0063604240282685515,0.008528784648187633,0.007455731593662628,0.0111731843575419,0.0111731843575419,0.011913626209977662,0.01673101673101673,0.012442232492001421,0.0066050198150594455,0.005479452054794521,0.007941760423560556,0.006258692628650904,0.006258692628650904,0.006258692628650904,0.045059288537549404,0.045059288537549404,0.02355072463768116,0.016139044072004966,0.016139044072004966,0.016139044072004966,0.005431830526887561,0.005431830526887561,0.005431830526887561,0.005431830526887561,0.07925096137769604,0.016623568526043592,0.014942528735632184,0.018763796909492272,0.00980392156862745,0.00980392156862745,0.0053941908713692945,0.005013673655423883,0.006471389645776567,0.006643046944198406,0.011627906976744186,0.011627906976744186,0.011627906976744186,0.011627906976744186,0.015748031496062992,0.007026789635485288,0.006518196632265073,0.005920344456404736,0.004509582863585118,0.004509582863585118,0.007481296758104738,0.005285920230658337,0.005251066622907778,0.0099524015577672,0.005015432098765432,0.004876219054763691,0.004626569729015202,0.006690997566909975,0.007670182166826462,0.007961232260297681,0.0071451770055212735,0.008206811653672548,0.011764705882352941,0.0075625363583478765,0.008707300736771601,0.006008010680907877,0.014046822742474917,0.014046822742474917,0.014046822742474917,0.0156794425087108,0.006740196078431373,0.00832072617246596,0.012445550715619166,0.006806579693703914,0.00851581508515815,0.006550218340611353,0.008014796547472256,0.010752688172043012,0.006266786034019696,0.012369172216936251,0.002004008016032064,0.0059594755661501785,0.007485963817841547,0.009068923821039904,0.01557377049180328,0.004548900682335102,0.015296367112810707,,0.01547029702970297,0.01547029702970297,0.025196850393700787,0.006484149855907781,0.0020147750167897917,0.018765133171912834,0.015722240419259743,0.015319915890657855,0.014091724314629772,0.01580381471389646,0.01580381471389646,0.011982570806100218,0.0071174377224199285,0.008501594048884165,0.012165450121654502,,,,0.022187004754358162,0.015159718462371413,0.006211180124223602,0.014365152919369786,0.013972055888223553,0.007756948933419522,0.006072874493927126,0.007590132827324478,0.012159814707585408,0.0019968937208786333,0.0019968937208786333,0.010615711252653927,0.019019751280175568,0.010496655632032153
amide - amide,0.011545201525615915,0.013146613318090883,0.0061092019854906456,0.004739336492890996,0.013793103448275862,0.002828854314002829,0.013054830287206266,0.0076045627376425855,0.005246589716684155,0.010409340272893515,0.012217470983506415,0.01636904761904762,0.01340033500837521,0.019429265330904676,0.020152883947185545,0.020152883947185545,0.018161805173362685,0.0043891733723482075,0.007007007007007007,0.009083402146985962,0.00530035335689046,0.013128205128205127,0.009258051897248664,0.00948316737790422,0.00357355568790947,0.009327115256495669,0.01650692225772098,0.01650692225772098,0.01650692225772098,,0.007867494824016562,0.010980073200488003,0.007964601769911504,0.0013513513513513514,0.011884550084889643,0.011884550084889643,0.0063532401524777635,0.007407407407407408,0.007407407407407408,0.005302226935312832,0.009689922480620155,0.009301014656144307,0.008503401360544218,0.008503401360544218,0.008503401360544218,0.008503401360544218,0.008503401360544218,0.008707865168539325,0.02249134948096886,0.00763807285546416,0.00763807285546416,0.00763807285546416,0.012413793103448275,0.015161957270847692,,0.0067733990147783255,0.00694006309148265,0.00694006309148265,0.00694006309148265,0.009395184967704051,0.010077258985555929,0.00927267458707621,0.015759312320916905,0.012917115177610334,0.006730769230769231,0.009708737864077669,0.011171401212894989,0.014107214832728738,0.013229571984435798,0.00724112961622013,0.008220786846741044,0.008678500986193294,0.00775716694772344,0.008400152730049638,0.007022023619533993,0.011292346298619825,0.010279001468428781,0.00818746470920384,0.00818746470920384,0.005644402634054563,0.008605851979345954,0.008903278025091057,0.009174311926605505,0.014705882352941176,0.008287292817679558,0.00995732574679943,0.010548523206751054,0.0049469964664310955,0.006396588486140725,0.007455731593662628,0.036312849162011177,0.036312849162011177,0.0037230081906180195,0.014157014157014158,0.006043370067543548,0.009247027741083224,0.00684931506849315,0.005294506949040371,0.004867872044506259,0.004867872044506259,0.004867872044506259,0.010276679841897233,0.010276679841897233,0.0036231884057971015,0.00186219739292365,0.00186219739292365,0.00186219739292365,0.0016295491580662683,0.0016295491580662683,0.0016295491580662683,0.0016295491580662683,0.014211670289249289,0.012929442186922793,0.04367816091954023,0.006622516556291391,0.007625272331154684,0.007625272331154684,0.009128630705394191,0.009571558796718322,0.011239782016348773,0.007971656333038087,0.01079734219269103,0.01079734219269103,0.01079734219269103,0.01079734219269103,0.006561679790026247,0.007465963987703118,0.007061379684953829,0.006996770721205597,0.0062006764374295375,0.0062006764374295375,0.00997506234413965,0.010091302258529554,0.005579258286839514,0.009086975335352661,0.008873456790123456,0.006751687921980495,0.021150033046926635,0.008819951338199513,0.008948545861297539,0.00761509172724126,0.007469957778499512,0.00943783340172343,0.047058823529411764,0.012216404886561954,0.006697923643670462,0.006008010680907877,0.010033444816053512,0.010033444816053512,0.010033444816053512,0.027874564459930314,0.003676470588235294,0.007564296520423601,0.009956440572495333,0.014180374361883154,0.01338199513381995,0.024017467248908297,0.004932182490752158,0.0038402457757296467,0.019695613249776187,0.014272121788772598,0.008016032064128256,0.009535160905840286,0.007174048658764816,0.008464328899637243,0.012295081967213115,0.003032600454890068,0.0038240917782026767,,0.008663366336633664,0.008663366336633664,0.014173228346456693,0.0036023054755043226,0.005372733378106112,0.011803874092009685,0.010481493612839829,0.00871132472213878,0.011529592621060722,0.058310626702997276,0.058310626702997276,0.006535947712418301,0.007512850929221036,0.008501594048884165,0.009732360097323601,,,,0.006339144215530904,0.041689225771521385,0.025189786059351276,0.011121408711770158,0.00499001996007984,0.007756948933419522,0.004048582995951417,0.006641366223908918,0.008106543138390272,0.01087197692478367,0.01087197692478367,0.006369426751592357,0.015362106803218726,0.010224834723179529
